refno,tag,unit,fluid,seq,spec,pid,strlvl,cnote,insulation
=17384/4409,VO-AD-01002,VO,AD,01002,AA6M,VO-00020-010-1,unset,unset,TL
=17384/4414,VO-AD-01003,VO,AD,01003,AA6M,VO-00020-010-1,unset,unset,TL
=17384/4419,VO-AD-01101,VO,AD,01101,AA6M,VO-00020-011-1,unset,unset,NT
=17384/4424,VO-AD-01102,VO,AD,01102,AA6M,VO-00020-011-1,unset,unset,NT
=17384/4429,VO-AD-01103,VO,AD,01103,AA6M,VO-00020-011-1,unset,unset,NT
=17384/4434,VO-AD-01104,VO,AD,01104,AA6M,VO-00020-011-1,unset,unset,NT
=17384/4439,VO-AD-01105,VO,AD,01105,AA6M,VO-00020-011-1,unset,unset,NT
=17384/4444,VO-AD-01201,VO,AD,01201,AA6M,VO-00020-012-1,unset,unset,TL
=17384/4449,VO-AN-01001,VO,AN,01001,DA5M,VO-00020-010-1,unset,unset,TL
=17384/4454,VO-AN-01002,VO,AN,01002,DA5M,VO-00020-010-1,unset,unset,TL
=17384/4459,VO-AN-01003,VO,AN,01003,DKA,VO-00020-010-1,unset,unset,TL
=17384/4464,VO-AN-01004,VO,AN,01004,DKA,VO-00020-010-1,unset,unset,TL
=17384/4469,VO-AN-01005,VO,AN,01005,DKA,VO-00020-010-1,unset,unset,TL
=17384/4474,VO-AV-01101,VO,AV,01101,AA3,VO-00020-011-1,unset,unset,NT
=17384/4479,VO-AV-05001,VO,AV,05001,AA3,VO-00020-050-1,unset,unset,NT
=17384/4484,VO-AV-05002,VO,AV,05002,AA3,VO-00020-050-1,unset,unset,NT
=17384/4489,VO-AV-05201,VO,AV,05201,AA3,VO-00020-052-1,unset,unset,NT
=17384/4494,VO-AV-05202,VO,AV,05202,AA3,VO-00020-052-1,unset,unset,NT
=17384/4499,VO-AW-00301,VO,AW,00301,AA3,VO-00020-003-1,unset,unset,PP
=17384/4504,VO-AW-00302,VO,AW,00302,AA3,VO-00020-003-1,unset,unset,PP
=17384/4509,VO-AW-00303,VO,AW,00303,AA3,VO-00020-003-1,unset,unset,PP
=17384/4514,VO-AW-00304,VO,AW,00304,AA3,VO-00020-003-1,unset,unset,PP
=17384/4519,VO-AW-00305,VO,AW,00305,AA3,VO-00020-003-1,unset,unset,PP
=17384/4524,VO-AW-00901,VO,AW,00901,DKAH,VO-00020-009-1,unset,unset,NT
=17384/4529,VO-AW-00902,VO,AW,00902,DKAH,VO-00020-009-1,unset,unset,NT
=17384/4534,VO-AW-00903,VO,AW,00903,AA3,VO-00020-009-1,unset,unset,NT
=17384/4539,VO-AW-01401,VO,AW,01401,DKAH,VO-00020-014-1,unset,unset,NT
=17384/4544,VO-AW-01402,VO,AW,01402,DKAH,VO-00020-014-1,unset,unset,NT
=17384/4559,VO-AW-01405,VO,AW,01405,BK5,VO-00020-014-1,unset,unset,NT
=17384/4564,VO-AW-02501,VO,AW,02501,DA5,VO-00020-025-1,unset,unset,NT
=17384/4574,VO-AW-02701,VO,AW,02701,AA3,VO-00020-027-1,unset,unset,NT
=17384/4629,VO-BW-00301,VO,BW,00301,AA3,VO-00020-003-1,unset,unset,PP
=17384/4634,VO-BW-00302,VO,BW,00302,AA5,VO-00020-003-1,unset,unset,PP
=17384/4639,VO-IBW-00401,VO,IBW,00401,DA3,VO-00020-004-1,unset,unset,HC
=17384/4644,VO-IBW-00402,VO,IBW,00402,DA3,VO-00020-004-1,unset,unset,HC
=17384/4649,VO-BW-14001,VO,BW,14001,AA3,VO-00030-140-1,unset,unset,PP
=17384/4654,VO-CW-00901,VO,CW,00901,AA3D,VO-00020-009-1,unset,unset,NT
=17384/4659,VO-CW-00902,VO,CW,00902,AA3D,VO-00020-009-1,unset,unset,NT
=17384/4664,VO-CW-01501,VO,CW,01501,AA3D,VO-00020-015-1,unset,unset,NT
=17384/4669,VO-CW-01502,VO,CW,01502,AA3D,VO-00020-015-1,unset,unset,NT
=17384/4674,VO-CW-01503,VO,CW,01503,AA3D,VO-00020-015-1,unset,unset,NT
=17384/4679,VO-CW-01504,VO,CW,01504,AA3D,VO-00020-015-1,unset,unset,NT
=17384/4684,VO-CW-02701,VO,CW,02701,AA3D,VO-00020-027-1,unset,unset,NT
=17384/4689,VO-CW-02702,VO,CW,02702,AA3D,VO-00020-027-1,unset,unset,NT
=17384/4694,VO-CW-03001,VO,CW,03001,AA3D,VO-00020-030-1,unset,unset,NT
=17384/4699,VO-CW-03002,VO,CW,03002,AA3D,VO-00020-030-1,unset,unset,NT
=17384/4704,VO-CW-03101,VO,CW,03101,AA3D,VO-00020-031-1,unset,unset,NT
=17384/4709,VO-CW-03102,VO,CW,03102,AA3D,VO-00020-031-1,unset,unset,NT
=17384/4714,VO-CW-03201,VO,CW,03201,AA3D,VO-00020-032-1,unset,unset,NT
=17384/4719,VO-CW-03202,VO,CW,03202,AA3D,VO-00020-032-1,unset,unset,NT
=17384/4724,VO-CW-12001,VO,CW,12001,AA3D,VO-00030-120-1,unset,unset,NT
=17384/4729,VO-CW-12002,VO,CW,12002,AA3D,VO-00030-120-1,unset,unset,NT
=17384/4744,VO-TW-12001,VO,TW,12001,AK2,VO-00030-120-1,unset,unset,NT
=17384/4749,VO-DW-12001,VO,DW,12001,ACA,VO-00030-120-1,unset,unset,NT
=17384/4754,VO-FG-00201,VO,FG,00201,AA3,VO-00020-002-1,unset,unset,NT
=17384/4759,VO-FG-00301,VO,FG,00301,AA3,VO-00020-003-1,unset,unset,NT
=17384/4764,VO-FG-01101,VO,FG,01101,AA3,VO-00020-011-1,unset,unset,NT
=17384/4769,VO-FG-01401,VO,FG,01401,AA3,VO-00020-014-1,unset,unset,TL
=17384/4774,VO-FG-02701,VO,FG,02701,AA3,VO-00020-027-1,unset,unset,NT
=17384/4779,VO-FG-03001,VO,FG,03001,AA3,VO-00020-030-1,unset,unset,NT
=17384/4784,VO-FG-05001,VO,FG,05001,AA3,VO-00020-050-1,unset,unset,TL
=17384/4789,VO-FG-05201,VO,FG,05201,AA3,VO-00020-052-1,unset,unset,TL
=17384/4794,VO-FG-16101,VO,FG,16101,AA3,VO-00030-161-1,unset,unset,NT
=17384/4799,VO-FG-16102,VO,FG,16102,AA3,VO-00030-161-1,unset,unset,NT
=17384/4804,VO-FG-16103,VO,FG,16103,AA3,VO-00030-161-1,unset,unset,TL
=17384/4809,VO-FG-20101,VO,FG,20101,AA3,VO-00030-201-1,unset,unset,NT
=17384/4814,VO-FL-00101,VO,FL,00101,AA5,VO-00020-001-1,unset,unset,TE
=17384/4819,VO-FL-00102,VO,FL,00102,AA5,VO-00020-001-1,unset,unset,TE
=17384/4824,VO-FL-00201,VO,FL,00201,AA5,VO-00020-002-1,unset,unset,TE
=17384/4829,VO-FL-00202,VO,FL,00202,AA5,VO-00020-002-1,unset,unset,TE
=17384/4834,VO-FL-00301,VO,FL,00301,AA5,VO-00020-003-1,unset,unset,NT
=17384/4839,VO-FL-00302,VO,FL,00302,AA5,VO-00020-003-1,unset,unset,NT
=17384/4844,VO-FL-00401,VO,FL,00401,AA5,VO-00020-004-1,unset,unset,TE
=17384/4849,VO-FL-00501,VO,FL,00501,AA5,VO-00020-005-1,unset,unset,TL
=17384/4854,VO-FL-00601,VO,FL,00601,AA5,VO-00020-006-1,unset,unset,PP
=17384/4859,VO-FL-00602,VO,FL,00602,AA5,VO-00020-006-1,unset,unset,TE
=17384/4864,VO-FL-00901,VO,FL,00901,AA5,VO-00020-009-1,unset,unset,TL
=17384/4869,VO-FL-00902,VO,FL,00902,AA5,VO-00020-009-1,unset,unset,TL
=17384/4874,VO-FL-01001,VO,FL,01001,AA5,VO-00020-010-1,unset,unset,TL
=17384/4879,VO-FL-01101,VO,FL,01101,AA5,VO-00020-011-1,unset,unset,NT
=17384/4884,VO-FL-01201,VO,FL,01201,AA5,VO-00020-012-1,unset,unset,PP
=17384/4889,VO-FL-01202,VO,FL,01202,AA5,VO-00020-012-1,unset,unset,PP
=17384/4894,VO-FL-01203,VO,FL,01203,AA5,VO-00020-012-1,unset,unset,TL
=17384/4899,VO-FL-01301,VO,FL,01301,AA5,VO-00020-013-1,unset,unset,TL
=17384/4904,VO-FL-01401,VO,FL,01401,AA5,VO-00020-014-1,unset,unset,TL
=17384/4909,VO-FL-01501,VO,FL,01501,AA5WH,VO-00020-015-1,unset,unset,TL
=17384/4914,VO-FL-01502,VO,FL,01502,AA5,VO-00020-015-1,unset,unset,TL
=17384/4924,VO-FL-01601,VO,FL,01601,AA5,VO-00020-016-1,unset,unset,NT
=17384/4929,VO-FL-01602,VO,FL,01602,AA5,VO-00020-016-1,unset,unset,NT
=17384/4934,VO-FL-01603,VO,FL,01603,AA5,VO-00020-016-1,unset,unset,NT
=17384/4939,VO-FL-01713,VO,FL,01713,AA5,VO-00020-017-1,unset,unset,PP
=17384/4944,VO-FL-01714,VO,FL,01714,AA5,VO-00020-017-1,unset,unset,PP
=17384/4949,VO-FL-02401,VO,FL,02401,AA5,VO-00020-024-1,unset,unset,HC
=17384/4954,VO-FL-02501,VO,FL,02501,AA5,VO-00020-025-1,unset,unset,NT
=17384/4959,VO-FL-02502,VO,FL,02502,AA5,VO-00020-025-1,unset,unset,NT
=17384/4964,VO-FL-02503,VO,FL,02503,AA5,VO-00020-025-1,unset,unset,PP
=17384/4969,VO-FL-02601,VO,FL,02601,AA5,VO-00020-026-1,unset,unset,PP
=17384/4974,VO-FL-02701,VO,FL,02701,AA5,VO-00020-027-1,unset,unset,NT
=17384/4979,VO-FL-02901,VO,FL,02901,AA5,VO-00020-029-1,unset,unset,PP
=17384/4984,VO-FL-03001,VO,FL,03001,AA5,VO-00020-030-1,unset,unset,NT
=17384/4989,VO-FL-05001,VO,FL,05001,AA5,VO-00020-050-1,unset,unset,NT
=17384/4994,VO-FL-05201,VO,FL,05201,AA5,VO-00020-052-1,unset,unset,NT
=17384/4999,VO-FL-16101,VO,FL,16101,AA5,VO-00030-161-1,unset,unset,NT
=17384/5004,VO-FL-16102,VO,FL,16102,AA5,VO-00030-161-1,unset,unset,NT
=17384/5009,VO-FL-18001,VO,FL,18001,AA5,VO-00030-180-1,unset,unset,TE
=17384/5014,VO-FL-18101,VO,FL,18101,AA5,VO-00030-181-1,unset,unset,NT
=17384/5019,VO-FL-18102,VO,FL,18102,BA3,VO-00030-181-1,unset,unset,TE
=17384/5024,VO-FL-20101,VO,FL,20101,AA5,VO-00030-201-1,unset,unset,TE
=17384/5029,VO-HY-01201,VO,HY,01201,DA5W,VO-00020-012-1,unset,unset,PP
=17384/5034,VO-HY-01601,VO,HY,01601,BA3W,VO-00020-016-1,unset,unset,NT
=17384/5039,VO-HY-01602,VO,HY,01602,BA3W,VO-00020-016-1,unset,unset,NT
=17384/5044,VO-HY-01603,VO,HY,01603,BA3W,VO-00020-016-1,unset,unset,TE
=17384/5049,VO-HY-01604,VO,HY,01604,BA3W,VO-00020-016-1,unset,unset,PP
=17384/5054,VO-HY-01605,VO,HY,01605,BA3W,VO-00020-016-1,unset,unset,NT
=17384/5059,VO-HY-01606,VO,HY,01606,BA3W,VO-00020-016-1,unset,unset,NT
=17384/5064,VO-HY-01702,VO,HY,01702,BA3W,VO-00020-017-1,unset,unset,TE
=17384/5069,VO-HY-01703,VO,HY,01703,DA3W,VO-00020-017-1,unset,unset,PP
=17384/5074,VO-HY-01704,VO,HY,01704,DA3W,VO-00020-017-1,unset,unset,PP
=17384/5079,VO-HY-01708,VO,HY,01708,DA3W,VO-00020-017-1,unset,unset,PP
=17384/5084,VO-HY-01709,VO,HY,01709,DA5H,VO-00020-017-1,unset,unset,PP
=17384/5089,VO-HY-01710,VO,HY,01710,DA5H,VO-00020-017-1,unset,unset,PP
=17384/5094,VO-HY-01711,VO,HY,01711,DA3W,VO-00020-017-1,unset,unset,PP
=17384/5099,VO-HY-01712,VO,HY,01712,DA3W,VO-00020-017-1,unset,unset,PP
=17384/5104,VO-HY-01801,VO,HY,01801,DA3W,VO-00020-018-1,unset,unset,PP
=17384/5109,VO-HY-01802,VO,HY,01802,DA3W,VO-00020-018-1,unset,unset,TL
=17384/5114,VO-HY-02101,VO,HY,02101,DA5H,VO-00020-021-1,unset,unset,PP
=17384/5119,VO-HY-02102,VO,HY,02102,DA5H,VO-00020-021-1,unset,unset,PP
=17384/5124,VO-HY-02103,VO,HY,02103,DA5H,VO-00020-021-1,unset,unset,PP
=17384/5129,VO-HY-02104,VO,HY,02104,DL3WH,VO-00020-021-1,unset,unset,PP
=17384/5134,VO-IA-05001,VO,IA,05001,ACA,VO-00020-050-1,unset,unset,NT
=17384/5139,VO-IA-05002,VO,IA,05002,ACA,VO-00020-050-1,unset,unset,NT
=17384/5144,VO-IA-05201,VO,IA,05201,ACA,VO-00020-052-1,unset,unset,NT
=17384/5149,VO-IA-05202,VO,IA,05202,ACA,VO-00020-052-1,unset,unset,NT
=17384/5154,VO-IA-10001,VO,IA,10001,ACA,VO-00030-100-1,unset,unset,NT
=17384/5159,VO-IBW-14001,VO,IBW,14001,DA3,VO-00030-140-1,unset,unset,HC
=17384/5164,VO-IL-01301,VO,IL,01301,DJA,VO-00020-013-1,unset,unset,NT
=17384/5169,VO-IL-02901,VO,IL,02901,AJA,VO-00020-029-1,unset,unset,PP
=17384/5174,VO-IL-03301,VO,IL,03301,BJA,VO-00020-033-1,unset,unset,NT
=17384/5179,VO-IL-03302,VO,IL,03302,BJA,VO-00020-033-1,unset,unset,NT
=17384/5184,VO-IL-03303,VO,IL,03303,BJA,VO-00020-033-1,unset,unset,NT
=17384/5189,VO-IL-03304,VO,IL,03304,BJA,VO-00020-033-1,unset,unset,NT
=17384/5194,VO-IL-03305,VO,IL,03305,DJA,VO-00020-033-1,unset,unset,NT
=17384/5199,VO-IL-03306,VO,IL,03306,DJA,VO-00020-033-1,unset,unset,NT
=17384/5204,VO-IL-03307,VO,IL,03307,DJA,VO-00020-033-1,unset,unset,NT
=17384/5209,VO-IS-01301,VO,IS,01301,BA3,VO-00020-013-1,unset,unset,HC
=17384/5214,VO-IS-01302,VO,IS,01302,BA3,VO-00020-013-1,unset,unset,HC
=17384/5219,VO-IS-02601,VO,IS,02601,BA3,VO-00020-026-1,unset,unset,HC
=17384/5224,VO-IS-02602,VO,IS,02602,BA3,VO-00020-026-1,unset,unset,HC
=17384/5229,VO-IS-14001,VO,IS,14001,BA3,VO-00030-140-1,unset,unset,HC
=17384/5234,VO-IS-18101,VO,IS,18101,BA3,VO-00030-181-1,unset,unset,HC
=17384/5239,VO-LC-00401,VO,LC,00401,AA3,VO-00020-004-1,unset,unset,PP
=17384/5244,VO-LC-05101,VO,LC,05101,AA3,VO-00020-051-1,unset,unset,PP
=17384/5249,VO-LC-05301,VO,LC,05301,AA3,VO-00020-053-1,unset,unset,PP
=17384/5254,VO-LC-14001,VO,LC,14001,AA3,VO-00030-140-1,unset,unset,PP
=17384/5259,VO-LC-18101,VO,LC,18101,AA3,VO-00030-181-1,unset,unset,PP
=17384/5264,VO-LC-20101,VO,LC,20101,AA3,VO-00030-201-1,unset,unset,PP
=17384/5269,VO-LS-00101,VO,LS,00101,AA3,VO-00020-001-1,unset,unset,PP
=17384/5274,VO-LS-05101,VO,LS,05101,AA3,VO-00020-051-1,unset,unset,HC
=17384/5279,VO-LS-05301,VO,LS,05301,AA3,VO-00020-053-1,unset,unset,HC
=17384/5284,VO-LS-14001,VO,LS,14001,AA3,VO-00030-140-1,unset,unset,PP
=17384/5289,VO-LS-18101,VO,LS,18101,AA3,VO-00030-181-1,unset,unset,PP
=17384/5294,VO-LS-18102,VO,LS,18102,AA3,VO-00030-181-1,unset,unset,HC
=17384/5299,VO-LS-20101,VO,LS,20101,AA3,VO-00030-201-1,unset,unset,HC
=17384/5304,VO-MC-00401,VO,MC,00401,DA3,VO-00020-004-1,unset,unset,PP
=17384/5309,VO-MC-00402,VO,MC,00402,DA3,VO-00020-004-1,unset,unset,PP
=17384/5314,VO-MS-00401,VO,MS,00401,BA3,VO-00020-004-1,unset,unset,HC
=17384/5319,VO-MS-00402,VO,MS,00402,BA3,VO-00020-004-1,unset,unset,HC
=17384/5324,VO-MS-00403,VO,MS,00403,BA3,VO-00020-004-1,unset,unset,HC
=17384/5329,VO-MS-00404,VO,MS,00404,BA3,VO-00020-004-1,unset,unset,HC
=17384/5334,VO-MS-01101,VO,MS,01101,BA3,VO-00020-011-1,unset,unset,HC
=17384/5339,VO-MS-01102,VO,MS,01102,AA3,VO-00020-011-1,unset,unset,PP
=17384/5344,VO-MS-14001,VO,MS,14001,BA3,VO-00030-140-1,unset,unset,HC
=17384/5351,VO-NG-05001,VO,NG,05001,AA3,VO-00020-050-1,unset,unset,TL
=17384/5356,VO-NG-05201,VO,NG,05201,AA3,VO-00020-052-1,unset,unset,TL
=17384/5361,VO-NG-16101,VO,NG,16101,AA3,VO-00030-161-1,unset,unset,NT
=17384/5366,VO-NI-00101,VO,NI,00101,AA3D,VO-00020-001-1,unset,unset,NT
=17384/5371,VO-NI-00701,VO,NI,00701,AA3D,VO-00020-007-1,unset,unset,NT
=17384/5376,VO-NI-00801,VO,NI,00801,AA3D,VO-00020-008-1,unset,unset,NT
=17384/5381,VO-NI-01101,VO,NI,01101,AA3D,VO-00020-011-1,unset,unset,NT
=17384/5386,VO-NI-01201,VO,NI,01201,AA3D,VO-00020-012-1,unset,unset,NT
=17384/5391,VO-NI-01202,VO,NI,01202,AA3D,VO-00020-012-1,unset,unset,NT
=17384/5396,VO-NI-01203,VO,NI,01203,AA3D,VO-00020-012-1,unset,unset,NT
=17384/5401,VO-NI-01601,VO,NI,01601,AA3D,VO-00020-016-1,unset,unset,NT
=17384/5406,VO-NI-01701,VO,NI,01701,AA3D,VO-00020-017-1,unset,unset,NT
=17384/5411,VO-NI-01702,VO,NI,01702,AA3D,VO-00020-017-1,unset,unset,NT
=17384/5416,VO-NI-01703,VO,NI,01703,DA3,VO-00020-017-1,unset,unset,PP
=17384/5421,VO-NI-01704,VO,NI,01704,DA3,VO-00020-017-1,unset,unset,PP
=17384/5426,VO-NI-02101,VO,NI,02101,AA3D,VO-00020-021-1,unset,unset,NT
=17384/5431,VO-NI-10001,VO,NI,10001,AA3D,VO-00030-100-1,unset,unset,NT
=17384/5436,VO-P-00101,VO,P,00101,AA5,VO-00020-001-1,unset,unset,TE
=17384/5441,VO-P-00102,VO,P,00102,BA5,VO-00020-001-1,unset,unset,TE
=17384/5446,VO-P-00103,VO,P,00103,BA5,VO-00020-001-1,unset,unset,TE
=17384/5451,VO-P-00104,VO,P,00104,BA5,VO-00020-001-1,unset,unset,TE
=17384/5456,VO-P-00105,VO,P,00105,BA5,VO-00020-001-1,unset,unset,TE
=17384/5461,VO-P-00106,VO,P,00106,BA5,VO-00020-001-1,unset,unset,TE
=17384/5466,VO-P-00107,VO,P,00107,BA5,VO-00020-001-1,unset,unset,TE
=17384/5471,VO-P-00108,VO,P,00108,AA3,VO-00020-001-1,unset,unset,NT
=17384/5476,VO-P-00109,VO,P,00109,AA3,VO-00020-001-1,unset,unset,NT
=17384/5481,VO-P-00110,VO,P,00110,AA3,VO-00020-001-1,unset,unset,NT
=17384/5486,VO-P-00111,VO,P,00111,BA5,VO-00020-001-1,unset,unset,TE
=17384/5491,VO-P-00112,VO,P,00112,BA5,VO-00020-001-1,unset,unset,TE
=17384/5496,VO-P-00113,VO,P,00113,BA5,VO-00020-001-1,unset,unset,TE
=17384/5501,VO-P-00114,VO,P,00114,BA5,VO-00020-001-1,unset,unset,TE
=17384/5506,VO-P-00201,VO,P,00201,DA5,VO-00020-002-1,unset,unset,TE
=17384/5511,VO-P-00202,VO,P,00202,DA5,VO-00020-002-1,unset,unset,TE
=17384/5516,VO-P-00203,VO,P,00203,DA5,VO-00020-002-1,unset,unset,TE
=17384/5521,VO-P-00204,VO,P,00204,DA5,VO-00020-002-1,unset,unset,TE
=17384/5526,VO-P-00205,VO,P,00205,AA5,VO-00020-002-1,unset,unset,TE
=17384/5531,VO-P-00206,VO,P,00206,AA5,VO-00020-002-1,unset,unset,TE
=17384/5536,VO-P-00207,VO,P,00207,DA5,VO-00020-002-1,unset,unset,TE
=17384/5541,VO-P-00208,VO,P,00208,DA5,VO-00020-002-1,unset,unset,TE
=17384/5546,VO-P-00209,VO,P,00209,AA5,VO-00020-002-1,unset,unset,TE
=17384/5551,VO-P-00210,VO,P,00210,AA5,VO-00020-002-1,unset,unset,TE
=17384/5561,VO-P-00301,VO,P,00301,AA5,VO-00020-003-1,unset,unset,PP
=17384/5566,VO-P-00302,VO,P,00302,AA5,VO-00020-003-1,unset,unset,PP
=17384/5571,VO-P-00303,VO,P,00303,AA5,VO-00020-003-1,unset,unset,PP
=17384/5576,VO-P-00304,VO,P,00304,DA5,VO-00020-003-1,unset,unset,PP
=17384/5581,VO-P-00305,VO,P,00305,AA5,VO-00020-003-1,unset,unset,PP
=17384/5586,VO-P-00306,VO,P,00306,DA5,VO-00020-003-1,unset,unset,PP
=17384/5591,VO-P-00307,VO,P,00307,DA5,VO-00020-003-1,unset,unset,PP
=17384/5596,VO-P-00308,VO,P,00308,DA5,VO-00020-003-1,unset,unset,PP
=17384/5601,VO-P-00309,VO,P,00309,DA5,VO-00020-003-1,unset,unset,PP
=17384/5606,VO-P-00310,VO,P,00310,DA5,VO-00020-003-1,unset,unset,PP
=17384/5611,VO-P-00311,VO,P,00311,DA5,VO-00020-003-1,unset,unset,PP
=17384/5616,VO-P-00312,VO,P,00312,AA5,VO-00020-003-1,unset,unset,NT
=17384/5621,VO-P-00313,VO,P,00313,AA5,VO-00020-003-1,unset,unset,NT
=17384/5626,VO-P-00314,VO,P,00314,DA5,VO-00020-003-1,unset,unset,PP
=17384/5631,VO-P-00315,VO,P,00315,DA5,VO-00020-003-1,unset,unset,PP
=17384/5636,VO-P-00316,VO,P,00316,DA5,VO-00020-003-1,unset,unset,PP
=17384/5641,VO-P-00317,VO,P,00317,DA5,VO-00020-003-1,unset,unset,PP
=17384/5646,VO-P-00318,VO,P,00318,DA5,VO-00020-003-1,unset,unset,PP
=17384/5651,VO-P-00319,VO,P,00319,AA5,VO-00020-003-1,unset,unset,NT
=17384/5656,VO-P-00401,VO,P,00401,DA5,VO-00020-004-1,unset,unset,TE
=17384/5661,VO-P-00402,VO,P,00402,DA5,VO-00020-004-1,unset,unset,TE
=17384/5666,VO-P-00403,VO,P,00403,DA5,VO-00020-004-1,unset,unset,TE
=17384/5671,VO-P-00404,VO,P,00404,DA5,VO-00020-004-1,unset,unset,TE
=17384/5676,VO-P-00405,VO,P,00405,DA5,VO-00020-004-1,unset,unset,TE
=17384/5681,VO-P-00406,VO,P,00406,DA5,VO-00020-004-1,unset,unset,TE
=17384/5686,VO-P-00407,VO,P,00407,DA3,VO-00020-004-1,unset,unset,NT
=17384/5691,VO-P-00408,VO,P,00408,DA3,VO-00020-004-1,unset,unset,NT
=17384/5696,VO-P-00409,VO,P,00409,DA5,VO-00020-004-1,unset,unset,TE
=17384/5701,VO-P-00501,VO,P,00501,DL3WH,VO-00020-005-1,unset,unset,TL
=17384/5706,VO-P-00502,VO,P,00502,DL3WH,VO-00020-005-1,unset,unset,TL
=17384/5711,VO-P-00503,VO,P,00503,DL3WH,VO-00020-005-1,unset,unset,TL
=17384/5716,VO-P-00504,VO,P,00504,DL3WH,VO-00020-005-1,unset,unset,TL
=17384/5721,VO-P-00505,VO,P,00505,DL3WH,VO-00020-005-1,unset,unset,TL
=17384/5726,VO-P-00506,VO,P,00506,DUA,VO-00020-005-1,unset,unset,TL
=17384/5731,VO-P-00507,VO,P,00507,DUA,VO-00020-005-1,unset,unset,TL
=17384/5736,VO-P-00508,VO,P,00508,DUA,VO-00020-005-1,unset,unset,TL
=17384/5741,VO-P-00509,VO,P,00509,DUA,VO-00020-005-1,unset,unset,TL
=17384/5746,VO-P-00510,VO,P,00510,DUA,VO-00020-005-1,unset,unset,TL
=17384/5751,VO-P-00511,VO,P,00511,DA5W,VO-00020-005-1,unset,unset,TL
=17384/5756,VO-P-00512,VO,P,00512,DD3WH,VO-00020-005-1,unset,unset,TL
=17384/5761,VO-P-00513,VO,P,00513,DD3WH,VO-00020-005-1,unset,unset,TL
=17384/5766,VO-P-00514,VO,P,00514,DD5W,VO-00020-005-1,unset,unset,TL
=17384/5771,VO-P-00515,VO,P,00515,DD6WH,VO-00020-005-1,unset,unset,TL
=17384/5776,VO-P-00516,VO,P,00516,DD6WH,VO-00020-005-1,unset,unset,TL
=17384/5781,VO-P-00517,VO,P,00517,DD5W,VO-00020-005-1,unset,unset,TL
=17384/5786,VO-P-00518,VO,P,00518,EL3WH,VO-00020-005-1,unset,unset,TE
=17384/5791,VO-P-00519,VO,P,00519,BA5H,VO-00020-005-1,unset,unset,TL
=17384/5796,VO-P-00520,VO,P,00520,DA5,VO-00020-005-1,unset,unset,PP
=17384/5801,VO-P-00521,VO,P,00521,DA5,VO-00020-005-1,unset,unset,PP
=17384/5806,VO-P-00522,VO,P,00522,DA5,VO-00020-005-1,unset,unset,PP
=17384/5811,VO-P-00523,VO,P,00523,BA5H,VO-00020-005-1,unset,unset,TL
=17384/5816,VO-P-00601,VO,P,00601,DA5,VO-00020-006-1,unset,unset,TL
=17384/5821,VO-P-00602,VO,P,00602,DA5,VO-00020-006-1,unset,unset,TL
=17384/5826,VO-P-00603,VO,P,00603,DA5,VO-00020-006-1,unset,unset,TL
=17384/5831,VO-P-00604,VO,P,00604,DA5,VO-00020-006-1,unset,unset,TL
=17384/5836,VO-P-00605,VO,P,00605,DA5,VO-00020-006-1,unset,unset,TL
=17384/5841,VO-P-00606,VO,P,00606,DA5,VO-00020-006-1,unset,unset,TL
=17384/5846,VO-P-00607,VO,P,00607,DA5,VO-00020-006-1,unset,unset,TL
=17384/5851,VO-P-00608,VO,P,00608,DA5,VO-00020-006-1,unset,unset,TL
=17384/5856,VO-P-00609,VO,P,00609,DA5,VO-00020-006-1,unset,unset,TL
=17384/5861,VO-P-00610,VO,P,00610,DA5,VO-00020-006-1,unset,unset,TL
=17384/5866,VO-P-00611,VO,P,00611,DA5,VO-00020-006-1,unset,unset,TL
=17384/5871,VO-P-00612,VO,P,00612,DD3WH,VO-00020-006-1,unset,unset,TE
=17384/5876,VO-P-00613,VO,P,00613,EL3WH,VO-00020-006-1,unset,unset,TE
=17384/5881,VO-P-00614,VO,P,00614,BA3,VO-00020-006-1,unset,unset,HC
=17384/5886,VO-P-00615,VO,P,00615,BA3,VO-00020-006-1,unset,unset,HC
=17384/5891,VO-P-00616,VO,P,00616,BA3,VO-00020-006-1,unset,unset,HC
=17384/5896,VO-P-00617,VO,P,00617,BA3,VO-00020-006-1,unset,unset,HC
=17384/5901,VO-P-00618,VO,P,00618,BA3,VO-00020-006-1,unset,unset,HC
=17384/5906,VO-P-00619,VO,P,00619,BA3,VO-00020-006-1,unset,unset,HC
=17384/5911,VO-P-00620,VO,P,00620,DD3WH,VO-00020-006-1,unset,unset,TE
=17384/5916,VO-P-00621,VO,P,00621,BA3,VO-00020-006-1,unset,unset,HC
=17384/5921,VO-P-00622,VO,P,00622,DD3WH,VO-00020-006-1,unset,unset,TE
=17384/5926,VO-P-00701,VO,P,00701,EL3WH,VO-00020-007-1,unset,unset,TE
=17384/5931,VO-P-00801,VO,P,00801,DL3WH,VO-00020-008-1,unset,unset,TE
=17384/5936,VO-P-00802,VO,P,00802,DL3WH,VO-00020-008-1,unset,unset,TE
=17384/5941,VO-P-00803,VO,P,00803,DL3WH,VO-00020-008-1,unset,unset,TL
=17384/5946,VO-P-00901,VO,P,00901,DUA,VO-00020-009-1,unset,unset,TL
=17384/5951,VO-P-00902,VO,P,00902,DKAWH,VO-00020-009-1,unset,unset,TL
=17384/5956,VO-P-00903,VO,P,00903,DKAWH,VO-00020-009-1,unset,unset,TL
=17384/5961,VO-P-00904,VO,P,00904,DKAWH,VO-00020-009-1,unset,unset,TL
=17384/5966,VO-P-00905,VO,P,00905,DA5,VO-00020-009-1,unset,unset,TL
=17384/5971,VO-P-00906,VO,P,00906,DA5,VO-00020-009-1,unset,unset,TL
=17384/5976,VO-P-00907,VO,P,00907,BA5H,VO-00020-009-1,unset,unset,TL
=17384/5981,VO-P-00908,VO,P,00908,DA5,VO-00020-009-1,unset,unset,TL
=17384/5986,VO-P-00909,VO,P,00909,BA5H,VO-00020-009-1,unset,unset,TL
=17384/5991,VO-P-00910,VO,P,00910,DA5,VO-00020-009-1,unset,unset,TL
=17384/5996,VO-P-00911,VO,P,00911,DKAWH,VO-00020-009-1,unset,unset,TL
=17384/6001,VO-P-00912,VO,P,00912,DKAWH,VO-00020-009-1,unset,unset,TL
=17384/6006,VO-P-01001,VO,P,01001,DKAWH,VO-00020-010-1,unset,unset,TL
=17384/6011,VO-P-01002,VO,P,01002,DA5W,VO-00020-010-1,unset,unset,TL
=17384/6016,VO-P-01003,VO,P,01003,DA5,VO-00020-010-1,unset,unset,NT
=17384/6021,VO-P-01004,VO,P,01004,DA5,VO-00020-010-1,unset,unset,NT
=17384/6026,VO-P-01005,VO,P,01005,DA5,VO-00020-010-1,unset,unset,NT
=17384/6031,VO-P-01006,VO,P,01006,DA5,VO-00020-010-1,unset,unset,NT
=17384/6036,VO-P-01007,VO,P,01007,DKAWH,VO-00020-010-1,unset,unset,TL
=17384/6041,VO-P-01008,VO,P,01008,DA5W,VO-00020-010-1,unset,unset,TL
=17384/6046,VO-P-01009,VO,P,01009,DA5,VO-00020-010-1,unset,unset,TL
=17384/6051,VO-P-01010,VO,P,01010,BA5,VO-00020-010-1,unset,unset,TL
=17384/6056,VO-P-01011,VO,P,01011,DKA,VO-00020-010-1,unset,unset,TL
=17384/6061,VO-P-01012,VO,P,01012,DKA,VO-00020-010-1,unset,unset,TL
=17384/6066,VO-P-01013,VO,P,01013,DA5W,VO-00020-010-1,unset,unset,TL
=17384/6071,VO-P-01101,VO,P,01101,DA5W,VO-00020-011-1,unset,unset,TL
=17384/6076,VO-P-01102,VO,P,01102,DA5W,VO-00020-011-1,unset,unset,TL
=17384/6081,VO-P-01103,VO,P,01103,DA5W,VO-00020-011-1,unset,unset,NT
=17384/6086,VO-P-01104,VO,P,01104,DA5,VO-00020-011-1,unset,unset,NT
=17384/6091,VO-P-01105,VO,P,01105,DA5,VO-00020-011-1,unset,unset,NT
=17384/6096,VO-P-01106,VO,P,01106,DA5,VO-00020-011-1,unset,unset,NT
=17384/6101,VO-P-01107,VO,P,01107,DA5,VO-00020-011-1,unset,unset,NT
=17384/6106,VO-P-01108,VO,P,01108,DA5,VO-00020-011-1,unset,unset,NT
=17384/6111,VO-P-01110,VO,P,01110,DA5W,VO-00020-011-1,unset,unset,NT
=17384/6116,VO-P-01111,VO,P,01111,DA5W,VO-00020-011-1,unset,unset,NT
=17384/6121,VO-P-01201,VO,P,01201,DA5W,VO-00020-012-1,unset,unset,TL
=17384/6126,VO-P-01202,VO,P,01202,DA5W,VO-00020-012-1,unset,unset,TE
=17384/6131,VO-P-01203,VO,P,01203,DA5W,VO-00020-012-1,unset,unset,TE
=17384/6136,VO-P-01204,VO,P,01204,DA5W,VO-00020-012-1,unset,unset,PP
=17384/6141,VO-P-01205,VO,P,01205,DA5W,VO-00020-012-1,unset,unset,PP
=17384/6146,VO-P-01206,VO,P,01206,DA5W,VO-00020-012-1,unset,unset,PP
=17384/6151,VO-P-01207,VO,P,01207,DA5W,VO-00020-012-1,unset,unset,PP
=17384/6156,VO-P-01208,VO,P,01208,DA5W,VO-00020-012-1,unset,unset,PP
=17384/6161,VO-P-01209,VO,P,01209,DA5W,VO-00020-012-1,unset,unset,PP
=17384/6166,VO-P-01210,VO,P,01210,DA5W,VO-00020-012-1,unset,unset,PP
=17384/6171,VO-P-01211,VO,P,01211,DA5W,VO-00020-012-1,unset,unset,PP
=17384/6176,VO-P-01212,VO,P,01212,DA5,VO-00020-012-1,unset,unset,TL
=17384/6186,VO-P-01214,VO,P,01214,DA5W,VO-00020-012-1,unset,unset,HC
=17384/6191,VO-P-01215,VO,P,01215,DA5W,VO-00020-012-1,unset,unset,HC
=17384/6196,VO-P-01216,VO,P,01216,DA5W,VO-00020-012-1,unset,unset,PP
=17384/6201,VO-P-01217,VO,P,01217,DA5W,VO-00020-012-1,unset,unset,PP
=17384/6206,VO-P-01218,VO,P,01218,DA5W,VO-00020-012-1,unset,unset,TL
=17384/6211,VO-P-01301,VO,P,01301,BKAWH,VO-00020-013-1,unset,unset,TL
=17384/6216,VO-P-01302,VO,P,01302,BA5H,VO-00020-013-1,unset,unset,TL
=17384/6221,VO-P-01303,VO,P,01303,DA5,VO-00020-013-1,unset,unset,TL
=17384/6226,VO-P-01304,VO,P,01304,DA5,VO-00020-013-1,unset,unset,TL
=17384/6231,VO-P-01305,VO,P,01305,DA5,VO-00020-013-1,unset,unset,TL
=17384/6236,VO-P-01306,VO,P,01306,DA5,VO-00020-013-1,unset,unset,TL
=17384/6241,VO-P-01307,VO,P,01307,DA5,VO-00020-013-1,unset,unset,TL
=17384/6246,VO-P-01308,VO,P,01308,BA5,VO-00020-013-1,unset,unset,TL
=17384/6256,VO-P-01310,VO,P,01310,DA5,VO-00020-013-1,unset,unset,TL
=17384/6261,VO-P-01311,VO,P,01311,BKWH,VO-00020-013-1,unset,unset,TL
=17384/6276,VO-P-01401,VO,P,01401,BA5WH,VO-00020-014-1,unset,unset,TL
=17384/6281,VO-P-01402,VO,P,01402,BA5WH,VO-00020-014-1,unset,unset,TL
=17384/6286,VO-P-01403,VO,P,01403,BA5WH,VO-00020-014-1,unset,unset,TL
=17384/6291,VO-P-01404,VO,P,01404,AA5H,VO-00020-014-1,unset,unset,TL
=17384/6296,VO-P-01405,VO,P,01405,AA5H,VO-00020-014-1,unset,unset,TL
=17384/6301,VO-P-01406,VO,P,01406,BA5H,VO-00020-014-1,unset,unset,TL
=17384/6306,VO-P-01407,VO,P,01407,BA5H,VO-00020-014-1,unset,unset,TL
=17384/6311,VO-P-01408,VO,P,01408,AA3,VO-00020-014-1,unset,unset,NT
=17384/6316,VO-P-01409,VO,P,01409,AA3,VO-00020-014-1,unset,unset,NT
=17384/6321,VO-P-01410,VO,P,01410,AA3,VO-00020-014-1,unset,unset,NT
=17384/6336,VO-P-01413,VO,P,01413,AA3,VO-00020-014-1,unset,unset,NT
=17384/6346,VO-P-01501,VO,P,01501,AA5WH,VO-00020-015-1,unset,unset,TL
=17384/6351,VO-P-01502,VO,P,01502,AA5WH,VO-00020-015-1,unset,unset,TL
=17384/6356,VO-P-01503,VO,P,01503,AA5WH,VO-00020-015-1,unset,unset,TL
=17384/6361,VO-P-01504,VO,P,01504,AA5WH,VO-00020-015-1,unset,unset,TL
=17384/6366,VO-P-01505,VO,P,01505,BA5,VO-00020-015-1,unset,unset,NT
=17384/6371,VO-P-01506,VO,P,01506,BA5,VO-00020-015-1,unset,unset,NT
=17384/6376,VO-P-01507,VO,P,01507,BA5,VO-00020-015-1,unset,unset,NT
=17384/6381,VO-P-01508,VO,P,01508,BA5,VO-00020-015-1,unset,unset,NT
=17384/6386,VO-P-01509,VO,P,01509,BA5,VO-00020-015-1,unset,unset,NT
=17384/6391,VO-P-01510,VO,P,01510,AA5,VO-00020-015-1,unset,unset,NT
=17384/6396,VO-P-01511,VO,P,01511,AA5,VO-00020-015-1,unset,unset,NT
=17384/6401,VO-P-01512,VO,P,01512,BA5,VO-00020-015-1,unset,unset,NT
=17384/6406,VO-P-01513,VO,P,01513,BA5,VO-00020-015-1,unset,unset,NT
=17384/6411,VO-P-01514,VO,P,01514,AA5,VO-00020-015-1,unset,unset,NT
=17384/6416,VO-P-01515,VO,P,01515,AA5,VO-00020-015-1,unset,unset,NT
=17384/6421,VO-P-01516,VO,P,01516,AA5,VO-00020-015-1,unset,unset,NT
=17384/6426,VO-P-01517,VO,P,01517,AA5,VO-00020-015-1,unset,unset,NT
=17384/6431,VO-P-01518,VO,P,01518,AA5,VO-00020-015-1,unset,unset,NT
=17384/6436,VO-P-01519,VO,P,01519,AA5WH,VO-00020-015-1,unset,unset,TL
=17384/6451,VO-P-01601,VO,P,01601,BA3W,VO-00020-016-1,unset,unset,NT
=17384/6456,VO-P-01602,VO,P,01602,BA3W,VO-00020-016-1,unset,unset,NT
=17384/6461,VO-P-01801,VO,P,01801,DA5,VO-00020-018-1,unset,unset,TL
=17384/6466,VO-P-01802,VO,P,01802,DA5,VO-00020-018-1,unset,unset,TL
=17384/6471,VO-P-01803,VO,P,01803,DA5,VO-00020-018-1,unset,unset,TL
=17384/6476,VO-P-01804,VO,P,01804,DA5W,VO-00020-018-1,unset,unset,HC
=17384/6481,VO-P-01805,VO,P,01805,EL3WH,VO-00020-018-1,unset,unset,HC
=17384/6486,VO-P-01806,VO,P,01806,EL3WH,VO-00020-018-1,unset,unset,HC
=17384/6491,VO-P-01807,VO,P,01807,DL3WH,VO-00020-018-1,unset,unset,HC
=17384/6496,VO-P-01808,VO,P,01808,DL3WH,VO-00020-018-1,unset,unset,HC
=17384/6501,VO-P-01809,VO,P,01809,DA5,VO-00020-018-1,unset,unset,TL
=17384/6506,VO-P-01810,VO,P,01810,DA5,VO-00020-018-1,unset,unset,TL
=17384/6511,VO-P-01811,VO,P,01811,DL3WH,VO-00020-018-1,unset,unset,HC
=17384/6516,VO-P-01812,VO,P,01812,DL3WH,VO-00020-018-1,unset,unset,HC
=17384/6521,VO-P-01813,VO,P,01813,DD3WH,VO-00020-018-1,unset,unset,PP
=17384/6526,VO-P-01814,VO,P,01814,DA3,VO-00020-018-1,unset,unset,NT
=17384/6531,VO-P-01815,VO,P,01815,DA3,VO-00020-018-1,unset,unset,NT
=17384/6536,VO-P-01816,VO,P,01816,DA3,VO-00020-018-1,unset,unset,NT
=17384/6541,VO-P-01901,VO,P,01901,DL3WH,VO-00020-019-1,unset,unset,HC
=17384/6546,VO-P-02102,VO,P,02102,DL3WH,VO-00020-021-1,unset,unset,HC
=17384/6551,VO-P-02401,VO,P,02401,DD3WH,VO-00020-024-1,unset,unset,HC
=17384/6556,VO-P-02402,VO,P,02402,DA5W,VO-00020-024-1,unset,unset,PP
=17384/6561,VO-P-02403,VO,P,02403,DD3WH,VO-00020-024-1,unset,unset,HC
=17384/6566,VO-P-02404,VO,P,02404,DD3WH,VO-00020-024-1,unset,unset,PP
=17384/6571,VO-P-02405,VO,P,02405,BD3W,VO-00020-024-1,unset,unset,HC
=17384/6576,VO-P-02406,VO,P,02406,BD3W,VO-00020-024-1,unset,unset,PP
=17384/6581,VO-P-02407,VO,P,02407,BA5W,VO-00020-024-1,unset,unset,HC
=17384/6586,VO-P-02408,VO,P,02408,BA5W,VO-00020-024-1,unset,unset,HC
=17384/6591,VO-P-02501,VO,P,02501,DA5W,VO-00020-025-1,unset,unset,NT
=17384/6596,VO-P-02502,VO,P,02502,DA5W,VO-00020-025-1,unset,unset,NT
=17384/6601,VO-P-02503,VO,P,02503,DA5W,VO-00020-025-1,unset,unset,NT
=17384/6606,VO-P-02504,VO,P,02504,DA5W,VO-00020-025-1,unset,unset,NT
=17384/6611,VO-P-02505,VO,P,02505,DA5,VO-00020-025-1,unset,unset,NT
=17384/6616,VO-P-02506,VO,P,02506,DA5,VO-00020-025-1,unset,unset,NT
=17384/6621,VO-P-02507,VO,P,02507,AA5WH,VO-00020-025-1,unset,unset,NT
=17384/6626,VO-P-02508,VO,P,02508,AA5WH,VO-00020-025-1,unset,unset,PP
=17384/6631,VO-P-02509,VO,P,02509,DA5,VO-00020-025-1,unset,unset,NT
=17384/6636,VO-P-02510,VO,P,02510,DA5,VO-00020-025-1,unset,unset,NT
=17384/6641,VO-P-02511,VO,P,02511,DA5W,VO-00020-025-1,unset,unset,PP
=17384/6646,VO-P-02512,VO,P,02512,DA5W,VO-00020-025-1,unset,unset,NT
=17384/6651,VO-P-02513,VO,P,02513,DA5W,VO-00020-025-1,unset,unset,NT
=17384/6656,VO-P-02601,VO,P,02601,BD3W,VO-00020-026-1,unset,unset,HC
=17384/6661,VO-P-02602,VO,P,02602,BA5W,VO-00020-026-1,unset,unset,HC
=17384/6666,VO-P-02603,VO,P,02603,BA5WH,VO-00020-026-1,unset,unset,PP
=17384/6671,VO-P-02604,VO,P,02604,BA3,VO-00020-026-1,unset,unset,HC
=17384/6676,VO-P-02605,VO,P,02605,AA3,VO-00020-026-1,unset,unset,HC
=17384/6681,VO-P-02606,VO,P,02606,AA3,VO-00020-026-1,unset,unset,HC
=17384/6686,VO-P-02607,VO,P,02607,BA3,VO-00020-026-1,unset,unset,PP
=17384/6691,VO-P-02608,VO,P,02608,BA5WH,VO-00020-026-1,unset,unset,PP
=17384/6696,VO-P-02701,VO,P,02701,AA5WH,VO-00020-027-1,unset,unset,NT
=17384/6701,VO-P-02702,VO,P,02702,AA5WH,VO-00020-027-1,unset,unset,NT
=17384/6706,VO-P-02703,VO,P,02703,AA5WH,VO-00020-027-1,unset,unset,NT
=17384/6711,VO-P-02704,VO,P,02704,AA5WH,VO-00020-027-1,unset,unset,NT
=17384/6716,VO-P-02705,VO,P,02705,BA5H,VO-00020-027-1,unset,unset,NT
=17384/6721,VO-P-02706,VO,P,02706,BA5,VO-00020-027-1,unset,unset,NT
=17384/6726,VO-P-02707,VO,P,02707,BA5,VO-00020-027-1,unset,unset,NT
=17384/6731,VO-P-02708,VO,P,02708,BA5,VO-00020-027-1,unset,unset,NT
=17384/6736,VO-P-02709,VO,P,02709,BA5,VO-00020-027-1,unset,unset,NT
=17384/6741,VO-P-02710,VO,P,02710,AA5,VO-00020-027-1,unset,unset,NT
=17384/6746,VO-P-02711,VO,P,02711,AA5,VO-00020-027-1,unset,unset,NT
=17384/6751,VO-P-02712,VO,P,02712,BA5H,VO-00020-027-1,unset,unset,NT
=17384/6756,VO-P-02713,VO,P,02713,BA5H,VO-00020-027-1,unset,unset,NT
=17384/6766,VO-P-02801,VO,P,02801,BL3,VO-00020-028-1,unset,unset,HC
=17384/6771,VO-P-02802,VO,P,02802,BL3,VO-00020-028-1,unset,unset,HC
=17384/6776,VO-P-02803,VO,P,02803,AL3,VO-00020-028-1,unset,unset,HC
=17384/6781,VO-P-02804,VO,P,02804,AL3,VO-00020-028-1,unset,unset,HC
=17384/6786,VO-P-02901,VO,P,02901,AA3,VO-00020-029-1,unset,unset,HC
=17384/6791,VO-P-02902,VO,P,02902,AA3,VO-00020-029-1,unset,unset,HC
=17384/6796,VO-P-02903,VO,P,02903,AA5,VO-00020-029-1,unset,unset,PP
=17384/6801,VO-P-02904,VO,P,02904,AA3,VO-00020-029-1,unset,unset,HC
=17384/6806,VO-P-02905,VO,P,02905,BL3,VO-00020-029-1,unset,unset,HC
=17384/6811,VO-P-02906,VO,P,02906,BL3,VO-00020-029-1,unset,unset,HC
=17384/6816,VO-P-02907,VO,P,02907,BL3,VO-00020-029-1,unset,unset,HC
=17384/6821,VO-P-02908,VO,P,02908,BL3,VO-00020-029-1,unset,unset,HC
=17384/6826,VO-P-02909,VO,P,02909,BL3,VO-00020-029-1,unset,unset,HC
=17384/6831,VO-P-02910,VO,P,02910,BL3,VO-00020-029-1,unset,unset,HC
=17384/6836,VO-P-02911,VO,P,02911,BA3,VO-00020-029-1,unset,unset,HC
=17384/6841,VO-P-02912,VO,P,02912,BL3,VO-00020-029-1,unset,unset,HC
=17384/6846,VO-P-02913,VO,P,02913,BL3,VO-00020-029-1,unset,unset,HC
=17384/6851,VO-P-02914,VO,P,02914,AA5,VO-00020-029-1,unset,unset,PP
=17384/6861,VO-P-03001,VO,P,03001,AA5,VO-00020-030-1,unset,unset,NT
=17384/6866,VO-P-03002,VO,P,03002,AA5,VO-00020-030-1,unset,unset,NT
=17384/6871,VO-P-03003,VO,P,03003,AA5,VO-00020-030-1,unset,unset,NT
=17384/6876,VO-P-03004,VO,P,03004,AA5,VO-00020-030-1,unset,unset,NT
=17384/6881,VO-P-03005,VO,P,03005,AA5,VO-00020-030-1,unset,unset,NT
=17384/6886,VO-P-03006,VO,P,03006,AA5,VO-00020-030-1,unset,unset,NT
=17384/6891,VO-P-03007,VO,P,03007,AA5,VO-00020-030-1,unset,unset,NT
=17384/6896,VO-P-03008,VO,P,03008,AA5,VO-00020-030-1,unset,unset,NT
=17384/6901,VO-P-03009,VO,P,03009,AA5,VO-00020-030-1,unset,unset,NT
=17384/6906,VO-P-03010,VO,P,03010,AA5,VO-00020-030-1,unset,unset,NT
=17384/6911,VO-P-03011,VO,P,03011,AA5,VO-00020-030-1,unset,unset,NT
=17384/6916,VO-P-03012,VO,P,03012,AA5,VO-00020-030-1,unset,unset,NT
=17384/6921,VO-P-03013,VO,P,03013,AA5,VO-00020-030-1,unset,unset,NT
=17384/6926,VO-P-03014,VO,P,03014,AA5,VO-00020-030-1,unset,unset,NT
=17384/6931,VO-P-03015,VO,P,03015,AA5,VO-00020-030-1,unset,unset,NT
=17384/6936,VO-P-03016,VO,P,03016,AA5,VO-00020-030-1,unset,unset,NT
=17384/6941,VO-P-03102,VO,P,03102,AA3,VO-00020-031-1,unset,unset,HC
=17384/6946,VO-P-03103,VO,P,03103,AA3,VO-00020-031-1,unset,unset,HC
=17384/6951,VO-P-03104,VO,P,03104,AA3,VO-00020-031-1,unset,unset,HC
=17384/6956,VO-P-03105,VO,P,03105,AA3,VO-00020-031-1,unset,unset,NT
=17384/6961,VO-P-03106,VO,P,03106,AA3,VO-00020-031-1,unset,unset,NT
=17384/6966,VO-P-03107,VO,P,03107,AA3,VO-00020-031-1,unset,unset,NT
=17384/6971,VO-P-03108,VO,P,03108,AA3,VO-00020-031-1,unset,unset,PP
=17384/6976,VO-P-03109,VO,P,03109,AA3,VO-00020-031-1,unset,unset,PP
=17384/6981,VO-P-03110,VO,P,03110,AA3,VO-00020-031-1,unset,unset,HC
=17384/6986,VO-P-03201,VO,P,03201,BA3,VO-00020-032-1,unset,unset,NT
=17384/6991,VO-P-03202,VO,P,03202,BA3,VO-00020-032-1,unset,unset,NT
=17384/6996,VO-P-03203,VO,P,03203,BA3,VO-00020-032-1,unset,unset,NT
=17384/7001,VO-P-03204,VO,P,03204,BA3,VO-00020-032-1,unset,unset,NT
=17384/7006,VO-P-03205,VO,P,03205,BA5,VO-00020-032-1,unset,unset,NT
=17384/7011,VO-P-03206,VO,P,03206,BA5,VO-00020-032-1,unset,unset,NT
=17384/7016,VO-P-03207,VO,P,03207,BA5,VO-00020-032-1,unset,unset,NT
=17384/7021,VO-P-03208,VO,P,03208,BA5,VO-00020-032-1,unset,unset,PP
=17384/7026,VO-P-03209,VO,P,03209,BA5,VO-00020-032-1,unset,unset,PP
=17384/7031,VO-P-03210,VO,P,03210,BA5,VO-00020-032-1,unset,unset,PP
=17384/7036,VO-P-03211,VO,P,03211,BA5,VO-00020-032-1,unset,unset,PP
=17384/7041,VO-P-16101,VO,P,16101,AA3,VO-00030-161-1,unset,unset,NT
=17384/7046,VO-P-20101,VO,P,20101,AA5,VO-00030-201-1,unset,unset,TE
=17384/7051,VO-P-20102,VO,P,20102,BA3,VO-00030-201-1,unset,unset,TE
=17384/7056,VO-P-20103,VO,P,20103,BA3,VO-00030-201-1,unset,unset,TE
=17384/7061,VO-PW-12001,VO,PW,12001,AA3D,VO-00030-120-1,unset,unset,NT
=17384/7066,VO-SP-00112,VO,SP,00112,AA3,VO-00020-001-1,unset,unset,TE
=17384/7071,VO-SP-00113,VO,SP,00113,AA3,VO-00020-001-1,unset,unset,NT
=17384/7076,VO-SP-00114,VO,SP,00114,AA3,VO-00020-001-1,unset,unset,TE
=17384/7081,VO-SP-00115,VO,SP,00115,AA3,VO-00020-001-1,unset,unset,TE
=17384/7086,VO-SP-00116,VO,SP,00116,AA3,VO-00020-001-1,unset,unset,NT
=17384/7091,VO-SP-00201,VO,SP,00201,AA3,VO-00020-002-1,unset,unset,TE
=17384/7096,VO-SP-00202,VO,SP,00202,AA3,VO-00020-002-1,unset,unset,TE
=17384/7101,VO-SP-00203,VO,SP,00203,AA3,VO-00020-002-1,unset,unset,TE
=17384/7106,VO-SP-00204,VO,SP,00204,AA3,VO-00020-002-1,unset,unset,TE
=17384/7111,VO-SP-00205,VO,SP,00205,AA3,VO-00020-002-1,unset,unset,TE
=17384/7116,VO-SP-00601,VO,SP,00601,AA3,VO-00020-006-1,unset,unset,NT
=17384/7121,VO-SP-00602,VO,SP,00602,AA3,VO-00020-006-1,unset,unset,NT
=17384/7126,VO-SP-00603,VO,SP,00603,AA3,VO-00020-006-1,unset,unset,NT
=17384/7131,VO-SP-00604,VO,SP,00604,AA3,VO-00020-006-1,unset,unset,NT
=17384/7136,VO-SP-00605,VO,SP,00605,AA3,VO-00020-006-1,unset,unset,NT
=17384/7141,VO-SP-00701,VO,SP,00701,AA3,VO-00020-007-1,unset,unset,TE
=17384/7146,VO-SP-00801,VO,SP,00801,AA3,VO-00020-008-1,unset,unset,NT
=17384/7151,VO-SP-00901,VO,SP,00901,AA3,VO-00020-009-1,unset,unset,TL
=17384/7156,VO-SP-01001,VO,SP,01001,AA3,VO-00020-010-1,unset,unset,TL
=17384/7161,VO-SP-01201,VO,SP,01201,AA3,VO-00020-012-1,unset,unset,TL
=17384/7166,VO-SP-01301,VO,SP,01301,AA3,VO-00020-013-1,unset,unset,TL
=17384/7171,VO-SP-01302,VO,SP,01302,AA3,VO-00020-013-1,unset,unset,TL
=17384/7176,VO-SP-01303,VO,SP,01303,AA3,VO-00020-013-1,unset,unset,TL
=17384/7181,VO-SP-01304,VO,SP,01304,AA3,VO-00020-013-1,unset,unset,TL
=17384/7186,VO-SP-01305,VO,SP,01305,AA3,VO-00020-013-1,unset,unset,TL
=17384/7191,VO-SP-01401,VO,SP,01401,AA3,VO-00020-014-1,unset,unset,NT
=17384/7196,VO-SP-01402,VO,SP,01402,AA3,VO-00020-014-1,unset,unset,NT
=17384/7201,VO-SP-01403,VO,SP,01403,AA3,VO-00020-014-1,unset,unset,NT
=17384/7206,VO-SP-01404,VO,SP,01404,AA3,VO-00020-014-1,unset,unset,NT
=17384/7211,VO-SP-01405,VO,SP,01405,AA3,VO-00020-014-1,unset,unset,TL
=17384/7236,VO-SP-01505,VO,SP,01505,AA3,VO-00020-015-1,unset,unset,NT
=17384/7251,VO-SP-01801,VO,SP,01801,AA3,VO-00020-018-1,unset,unset,NT
=17384/7256,VO-SP-02101,VO,SP,02101,AA3,VO-00020-021-1,unset,unset,NT
=17384/7261,VO-SP-02401,VO,SP,02401,AA3,VO-00020-024-1,unset,unset,NT
=17384/7266,VO-SP-02501,VO,SP,02501,AA3,VO-00020-025-1,unset,unset,NT
=17384/7271,VO-SP-02601,VO,SP,02601,AA3,VO-00020-026-1,unset,unset,NT
=17384/7276,VO-SP-02701,VO,SP,02701,AA3,VO-00020-027-1,unset,unset,NT
=17384/7281,VO-SP-02702,VO,SP,02702,AA3,VO-00020-027-1,unset,unset,NT
=17384/7286,VO-SP-02703,VO,SP,02703,AA3,VO-00020-027-1,unset,unset,NT
=17384/7291,VO-SP-02704,VO,SP,02704,AA3,VO-00020-027-1,unset,unset,NT
=17384/7296,VO-SP-02705,VO,SP,02705,AA3,VO-00020-027-1,unset,unset,NT
=17384/7301,VO-SP-02901,VO,SP,02901,AA3,VO-00020-029-1,unset,unset,NT
=17384/7306,VO-SP-02902,VO,SP,02902,AA3,VO-00020-029-1,unset,unset,HC
=17384/7311,VO-SP-02903,VO,SP,02903,AA3,VO-00020-029-1,unset,unset,HC
=17384/7316,VO-SP-02904,VO,SP,02904,AA3,VO-00020-029-1,unset,unset,HC
=17384/7321,VO-SP-02905,VO,SP,02905,AA3,VO-00020-029-1,unset,unset,HC
=17384/7331,VO-SP-03002,VO,SP,03002,AA3,VO-00020-030-1,unset,unset,NT
=17384/7336,VO-SP-03003,VO,SP,03003,AA3,VO-00020-030-1,unset,unset,NT
=17384/7341,VO-SP-03004,VO,SP,03004,AA3,VO-00020-030-1,unset,unset,NT
=17384/7346,VO-SP-03005,VO,SP,03005,AA3,VO-00020-030-1,unset,unset,NT
=17384/7351,VO-SP-03006,VO,SP,03006,AA3,VO-00020-030-1,unset,unset,NT
=17384/7371,VO-SP-03101,VO,SP,03101,AA3,VO-00020-031-1,unset,unset,HC
=17384/7376,VO-SP-03102,VO,SP,03102,AA3,VO-00020-031-1,unset,unset,HC
=17384/7381,VO-SP-03103,VO,SP,03103,AA3,VO-00020-031-1,unset,unset,HC
=17384/7386,VO-SP-03104,VO,SP,03104,AA3,VO-00020-031-1,unset,unset,HC
=17384/7391,VO-SP-18101,VO,SP,18101,AA3,VO-00030-181-1,unset,unset,TE
=17384/7396,VO-SP-18102,VO,SP,18102,BA3,VO-00030-181-1,unset,unset,TE
=17384/7401,VO-SP-18103,VO,SP,18103,AA3,VO-00030-181-1,unset,unset,TE
=17384/7406,VO-SP-18104,VO,SP,18104,BA3,VO-00030-181-1,unset,unset,TE
=17384/7411,VO-SP-18105,VO,SP,18105,BA3,VO-00030-181-1,unset,unset,TE
=17384/7416,VO-SP-20001,VO,SP,20001,AA3U,VO-00030-200-1,unset,unset,TL
=17384/7421,VO-WO-00101,VO,WO,00101,AA3,VO-00020-001-1,unset,unset,NT
=17384/7426,VO-WO-00102,VO,WO,00102,AA3,VO-00020-001-1,unset,unset,NT
=17384/7431,VO-WO-00201,VO,WO,00201,AA3,VO-00020-002-1,unset,unset,NT
=17384/7436,VO-WO-00202,VO,WO,00202,AA3,VO-00020-002-1,unset,unset,NT
=17384/7441,VO-WO-00203,VO,WO,00203,AA3,VO-00020-002-1,unset,unset,NT
=17384/7446,VO-WO-00204,VO,WO,00204,AA5,VO-00020-002-1,unset,unset,TE
=17384/7451,VO-WO-00601,VO,WO,00601,AA3,VO-00020-006-1,unset,unset,NT
=17384/7456,VO-WO-00602,VO,WO,00602,AA3,VO-00020-006-1,unset,unset,NT
=17384/7461,VO-WO-00603,VO,WO,00603,AA3,VO-00020-006-1,unset,unset,NT
=17384/7466,VO-WO-00901,VO,WO,00901,AA3,VO-00020-009-1,unset,unset,NT
=17384/7471,VO-WO-00902,VO,WO,00902,AA3,VO-00020-009-1,unset,unset,NT
=17384/7476,VO-WO-00903,VO,WO,00903,DKAH,VO-00020-009-1,unset,unset,TL
=17384/7481,VO-WO-00904,VO,WO,00904,DA5,VO-00020-009-1,unset,unset,TL
=17384/7486,VO-WO-01301,VO,WO,01301,AA3,VO-00020-013-1,unset,unset,NT
=17384/7491,VO-WO-01302,VO,WO,01302,AA3,VO-00020-013-1,unset,unset,NT
=17384/7496,VO-WO-01303,VO,WO,01303,AA3,VO-00020-013-1,unset,unset,NT
=17384/7501,VO-WO-01304,VO,WO,01304,DA5,VO-00020-013-1,unset,unset,TL
=17384/7506,VO-WO-01401,VO,WO,01401,AA3,VO-00020-014-1,unset,unset,NT
=17384/7511,VO-WO-01402,VO,WO,01402,AA3,VO-00020-014-1,unset,unset,NT
=17384/7516,VO-WO-01403,VO,WO,01403,BA5WH,VO-00020-014-1,unset,unset,TL
=17384/7521,VO-WO-01404,VO,WO,01404,BA5WH,VO-00020-014-1,unset,unset,TL
=17384/7526,VO-WO-18101,VO,WO,18101,AA3,VO-00030-181-1,unset,unset,NT
=17384/7531,VO-WO-18102,VO,WO,18102,AA3,VO-00030-181-1,unset,unset,NT
=17384/7536,VO-WO-26001,VO,WO,26001,AA3,VO-00030-260-1,unset,unset,NT
=17384/7541,XT-AC-04001,XT,AC,04001,AKA,XT-00020-040-01,unset,unset,TE
=17384/7546,XT-AC-04004,XT,AC,04004,AKA,XT-00020-040-01,unset,unset,TE
=17384/7551,XT-AC-04005,XT,AC,04005,AKA,XT-00020-040-01,unset,unset,TE
=17384/7556,XT-AC-04008,XT,AC,04008,AKA,XT-00020-040-01,unset,unset,NT
=17384/7561,XT-AC-04011,XT,AC,04011,AKA,XT-00020-040-03,unset,unset,NT
=17384/7566,XT-AC-04012,XT,AC,04012,AKA,XT-00020-040-03,unset,unset,NT
=17384/7571,XT-AC-10169,XT,AC,10169,AKA,XT-00020-101-02,unset,unset,NT
=17384/7576,XT-AC-10170,XT,AC,10170,AKA,XT-00020-101-02,unset,unset,NT
=17384/7581,XT-AC-10171,XT,AC,10171,AKA,XT-00020-101-02,unset,unset,NT
=17384/7586,XT-AC-20144,XT,AC,20144,AKA,XT-00020-201-04,unset,unset,NT
=17384/7591,XT-AC-20146,XT,AC,20146,AKA,XT-00020-201-04,unset,unset,NT
=17384/7596,XT-AC-20147,XT,AC,20147,AKA,XT-00020-201-04,unset,unset,NT
=17384/7601,XT-AC-20224,XT,AC,20224,AKA,XT-00020-202-03,unset,unset,NT
=17384/7606,XT-AC-20225,XT,AC,20225,AKA,XT-00020-202-03,unset,unset,NT
=17384/7611,XT-AC-20226,XT,AC,20226,AKA,XT-00020-202-03,unset,unset,NT
=17384/7616,XT-AC-30132,XT,AC,30132,AKA,XT-00020-301-01,unset,unset,NT
=17384/7621,XT-AC-30134,XT,AC,30134,AKA,XT-00020-301-01,unset,unset,NT
=17384/7626,XT-AC-40173,XT,AC,40173,AKA,XT-00020-401-01,unset,unset,NT
=17384/7631,XT-AC-40174,XT,AC,40174,AKA,XT-00020-401-01,unset,unset,HC
=17384/7636,XT-AC-40208,XT,AC,40208,AKA,XT-00020-402-01,unset,unset,HC
=17384/7641,XT-AC-40209,XT,AC,40209,AKA,XT-00020-402-01,unset,unset,unset
=17384/7646,XT-AC-40224,XT,AC,40224,AKA,XT-00020-402-02,unset,unset,HC
=17384/7651,XT-AC-40225,XT,AC,40225,AKA,XT-00020-402-02,unset,unset,NT
=17384/7656,XT-AC-40258,XT,AC,40258,AKA,XT-00020-402-01,unset,unset,NT
=17384/7661,XT-AC-40259,XT,AC,40259,AKA,XT-00020-402-02,unset,unset,NT
=17384/7666,XT-AV-02010,XT,AV,02010,AJA,XT-00020-020-01,unset,unset,NT
=17384/7671,XT-AV-10114,XT,AV,10114,PT10,XT-00020-101-02,unset,unset,EP
=17384/7676,XT-AV-10119,XT,AV,10119,PT10,XT-00020-101-03,unset,unset,HC
=17384/7681,XT-AV-10123,XT,AV,10123,PT10,XT-00020-101-03,unset,unset,EP
=17384/7686,XT-AV-10129,XT,AV,10129,PT10,XT-00020-101-04,unset,unset,EP
=17384/7691,XT-AV-10133,XT,AV,10133,PT10,XT-00020-101-04,unset,unset,EP
=17384/7696,XT-AV-10139,XT,AV,10139,PT10,XT-00020-101-05,unset,unset,EP
=17384/7701,XT-AV-10143,XT,AV,10143,PT10,XT-00020-101-05,unset,unset,EP
=17384/7706,XT-AV-10144,XT,AV,10144,PT10,XT-00020-101-02,unset,unset,HC
=17384/7711,XT-AV-10154,XT,AV,10154,PT10,XT-00020-101-06,unset,unset,NT
=17384/7716,XT-AV-10202,XT,AV,10202,AKA,XT-00020-102-01,unset,unset,NT
=17384/7721,XT-AV-10220,XT,AV,10220,AKA,XT-00020-102-02,unset,unset,PP
=17384/7726,XT-AV-10224,XT,AV,10224,AA3,XT-00020-102-03,unset,unset,NT
=17384/7731,XT-AV-10225,XT,AV,10225,AA3,XT-00020-102-03,unset,unset,NT
=17384/7736,XT-AV-10240,XT,AV,10240,AKA,XT-00020-102-03,unset,unset,PP
=17384/7741,XT-AV-10251,XT,AV,10251,AKA,XT-00020-102-05,unset,unset,PP
=17384/7746,XT-AV-10252,XT,AV,10252,AKA,XT-00020-102-05,unset,unset,PP
=17384/7751,XT-AV-10253,XT,AV,10253,AKA,XT-00020-102-05,unset,unset,NT
=17384/7756,XT-AV-10254,XT,AV,10254,AKA,XT-00020-102-05,unset,unset,NT
=17384/7761,XT-AV-10259,XT,AV,10259,AKA,XT-00020-102-05,unset,unset,NT
=17384/7766,XT-AV-10266,XT,AV,10266,AKA,XT-00020-102-05,unset,unset,NT
=17384/7771,XT-AV-10278,XT,AV,10278,AKA,XT-00020-102-03,unset,unset,PP
=17384/7776,XT-AV-20253,XT,AV,20253,AJA,XT-00020-202-04,unset,unset,NT
=17384/7781,XT-AV-20258,XT,AV,20258,AJA,XT-00020-202-04,unset,unset,NT
=17384/7786,XT-AV-20259,XT,AV,20259,AJA,XT-00020-202-04,unset,unset,NT
=17384/7791,XT-AV-30135,XT,AV,30135,AJA,XT-00020-301-03,unset,unset,HC
=17384/7796,XT-AV-30136,XT,AV,30136,AJA,XT-00020-301-04,unset,unset,HC
=17384/7801,XT-AV-30173,XT,AV,30173,AJA,XT-00020-301-06,unset,unset,PP
=17384/7806,XT-AV-30186,XT,AV,30186,AJA,XT-00020-301-06,unset,unset,PP
=17384/7811,XT-AV-30209,XT,AV,30209,AJA,XT-00020-302-01,unset,unset,HC
=17384/7816,XT-AV-30244,XT,AV,30244,AJA,XT-00020-302-03,unset,unset,PP
=17384/7821,XT-AV-30257,XT,AV,30257,AJA,XT-00020-302-04,unset,unset,NT
=17384/7826,XT-AV-30259,XT,AV,30259,AJA,XT-00020-302-04,unset,unset,NT
=17384/7831,XT-AV-30262,XT,AV,30262,AJA,XT-00020-302-04,unset,unset,NT
=17384/7836,XT-AV-30279,XT,AV,30279,AJA,XT-00020-302-04,unset,unset,NT
=17384/7841,XT-AV-30283,XT,AV,30283,AJA,XT-00020-301-04,unset,unset,HC
=17384/7846,XT-AV-30290,XT,AV,30290,AJA,XT-00020-302-01,unset,unset,HC
=17384/7853,XT-AV-30295,XT,AV,30295,AJA,XT-00020-302-01,unset,unset,NT
=17384/7858,XT-AV-30298,XT,AV,30298,AJA,XT-00020-302-03,unset,unset,NT
=17384/7863,XT-AV-40114,XT,AV,40114,AA3,XT-00020-401-02,unset,unset,NT
=17384/7868,XT-AV-40115,XT,AV,40115,AKA,XT-00020-401-02,unset,unset,TL
=17384/7873,XT-AV-40125,XT,AV,40125,AKA,XT-00020-401-03,unset,unset,TL
=17384/7878,XT-AV-40127,XT,AV,40127,AKA,XT-00020-401-03,unset,unset,TL
=17384/7883,XT-AV-40138,XT,AV,40138,AKA,XT-00020-401-03,unset,unset,TL
=17384/7888,XT-AV-40140,XT,AV,40140,AKA,XT-00020-401-03,unset,unset,TL
=17384/7893,XT-AV-40150,XT,AV,40150,AKA,XT-00020-401-01,unset,unset,unset
=17384/7898,XT-AV-40151,XT,AV,40151,AKA,XT-00020-401-03,unset,unset,TL
=17384/7903,XT-AV-40153,XT,AV,40153,AKA,XT-00020-401-03,unset,unset,TL
=17384/7908,XT-AV-40164,XT,AV,40164,AKA,XT-00020-401-04,unset,unset,TL
=17384/7913,XT-AV-40166,XT,AV,40166,AKA,XT-00020-401-04,unset,unset,TL
=17384/7918,XT-AV-40170,XT,AV,40170,AKA,XT-00020-401-03,unset,unset,TL
=17384/7923,XT-AV-40171,XT,AV,40171,AKA,XT-00020-401-03,unset,unset,TL
=17384/7928,XT-AV-40178,XT,AV,40178,AKA,XT-00020-401-02,unset,unset,TL
=17384/7933,XT-AV-40183,XT,AV,40183,AKA,XT-00020-401-04,unset,unset,TL
=17384/7938,XT-AV-40238,XT,AV,40238,AKA,XT-00020-402-03,unset,unset,TL
=17384/7943,XT-AV-40242,XT,AV,40242,AKA,XT-00020-402-03,unset,unset,NT
=17384/7948,XT-AV-40243,XT,AV,40243,AKA,XT-00020-402-03,unset,unset,NT
=17384/7953,XT-AV-40248,XT,AV,40248,AKA,XT-00020-402-03,unset,unset,unset
=17384/7958,XT-AV-40250,XT,AV,40250,AKA,XT-00020-402-03,unset,unset,HC
=17384/7963,XT-BW-00102,XT,BW,00102,AJA,XT-00030-006-01,unset,unset,HC
=17384/7968,XT-BW-00211,XT,BW,00211,AJA,XT-00020-020-01,unset,unset,PP
=17384/7973,XT-BW-00601,XT,BW,00601,AJA,XT-00030-006-01,unset,unset,HC
=17384/7978,XT-BW-02001,XT,BW,02001,AJA,XT-00020-020-01,unset,unset,HC
=17384/7983,XT-BW-02003,XT,BW,02003,AJA,XT-00020-020-01,unset,unset,HC
=17384/7988,XT-BW-02005,XT,BW,02005,AJA,XT-00020-020-01,unset,unset,HC
=17384/7993,XT-BW-02006,XT,BW,02006,AJA,XT-00020-020-01,unset,unset,HC
=17384/7998,XT-BW-02009,XT,BW,02009,AJA,XT-00020-020-01,unset,unset,HC
=17384/8003,XT-BW-10150,XT,BW,10150,AJA,XT-00020-101-03,unset,unset,HC
=17384/8008,XT-BW-10151,XT,BW,10151,AJA,XT-00020-101-04,unset,unset,HC
=17384/8013,XT-BW-10166,XT,BW,10166,AJA,XT-00020-101-02,unset,unset,HC
=17384/8018,XT-BW-20124,XT,BW,20124,AJA,XT-00020-201-03,unset,unset,HC
=17384/8023,XT-BW-20130,XT,BW,20130,AJA,XT-00020-201-03,unset,unset,HC
=17384/8028,XT-BW-20145,XT,BW,20145,AJA,XT-00020-201-04,unset,unset,HC
=17384/8033,XT-BW-20148,XT,BW,20148,AJA,XT-00020-201-04,unset,unset,HC
=17384/8038,XT-BW-20161,XT,BW,20161,AJA,XT-00020-201-03,unset,unset,HC
=17384/8043,XT-BW-20212,XT,BW,20212,AJA,XT-00020-202-03,unset,unset,unset
=17384/8048,XT-BW-20214,XT,BW,20214,AJA,XT-00020-202-03,unset,unset,HC
=17384/8053,XT-BW-20215,XT,BW,20215,AJA,XT-00020-202-03,unset,unset,HC
=17384/8058,XT-BW-20218,XT,BW,20218,AJA,XT-00020-202-01,unset,unset,HC
=17384/8063,XT-BW-20249,XT,BW,20249,AJA,XT-00020-202-03,unset,unset,HC
=17384/8068,XT-BW-20250,XT,BW,20250,AKA,XT-00020-202-03,unset,unset,HC
=17384/8073,XT-BW-20280,XT,BW,20280,AJA,XT-00020-202-03,unset,unset,NT
=17384/8078,XT-BW-20284,XT,BW,20284,AJA,XT-00020-202-03,unset,unset,HC
=17384/8083,XT-BW-40201,XT,BW,40201,AKA,XT-00020-402-01,unset,unset,HC
=17384/8088,XT-BW-40212,XT,BW,40212,AJA,XT-00020-402-01,unset,unset,NT
=17384/8093,XT-BW-40215,XT,BW,40215,AKA,XT-00020-402-02,unset,unset,HC
=17384/8098,XT-BW-40228,XT,BW,40228,AJA,XT-00020-402-02,unset,unset,NT
=17384/8103,XT-BW-40256,XT,BW,40256,AJA,XT-00020-402-01,unset,unset,HC
=17384/8108,XT-BW-40257,XT,BW,40257,AJA,XT-00020-402-02,unset,unset,HC
=17384/8113,XT-CF-10222,XT,CF,10222,AKA,XT-00020-102-03,unset,unset,TL
=17384/8118,XT-CF-10223,XT,CF,10223,AKA,XT-00020-102-03,unset,unset,NT
=17384/8123,XT-CF-30130,XT,CF,30130,AA3,XT-00020-301-03,unset,unset,NT
=17384/8128,XT-CF-30131,XT,CF,30131,AA3,XT-00020-301-04,unset,unset,NT
=17384/8133,XT-CF-30204,XT,CF,30204,AA3,XT-00020-302-01,unset,unset,NT
=17384/8138,XT-CF-30205,XT,CF,30205,AA3,XT-00020-302-01,unset,unset,TL
=17384/8143,XT-CF-40113,XT,CF,40113,AKA,XT-00020-401-02,unset,unset,NT
=17384/8148,XT-CL-04006,XT,CL,04006,AA5M,XT-00020-040-02,unset,unset,TE
=17384/8153,XT-CL-04007,XT,CL,04007,AA5M,XT-00020-040-02,unset,unset,TE
=17384/8158,XT-CL-04009,XT,CL,04009,AA5M,XT-00020-040-02,unset,unset,TE
=17384/8163,XT-CL-04010,XT,CL,04010,AA5M,XT-00020-040-02,unset,unset,TE
=17384/8168,XT-CL-10302,XT,CL,10302,AA5M,XT-00020-103-01,unset,unset,TE
=17384/8173,XT-CL-10303,XT,CL,10303,AA5M,XT-00020-103-01,unset,unset,TE
=17384/8178,XT-CL-10306,XT,CL,10306,AA5M,XT-00020-103-01,unset,unset,TE
=17384/8183,XT-CL-10308,XT,CL,10308,AKA,XT-00020-103-01,unset,unset,TE
=17384/8188,XT-CL-20278,XT,CL,20278,AA5M,XT-00020-202-01,unset,unset,TE
=17384/8193,XT-CWR-10257,XT,CWR,10257,AA3D,XT-00020-102-05,unset,unset,NT
=17384/8198,XT-CWR-00402,XT,CWR,00402,AA3D,XT-00030-004-01,unset,unset,NT
=17384/8203,XT-CWR-10258,XT,CWR,10258,AA3D,XT-00020-102-05,unset,unset,NT
=17384/8208,XT-CWR-10261,XT,CWR,10261,AA3D,XT-00020-102-05,unset,unset,NT
=17384/8213,XT-CWR-10264,XT,CWR,10264,AA3D,XT-00020-102-05,unset,unset,NT
=17384/8218,XT-CWR-10269,XT,CWR,10269,AKA,XT-00020-102-05,unset,unset,TL
=17384/8223,XT-CWR-20255,XT,CWR,20255,AA3D,XT-00020-202-04,unset,unset,NT
=17384/8228,XT-CWR-20261,XT,CWR,20261,AA3D,XT-00020-202-04,unset,unset,unset
=17384/8233,XT-CWR-30255,XT,CWR,30255,AA3D,XT-00020-302-04,unset,unset,NT
=17384/8238,XT-CWR-30260,XT,CWR,30260,AA3D,XT-00020-302-04,unset,unset,NT
=17384/8243,XT-CWR-40240,XT,CWR,40240,AA3D,XT-00020-402-03,unset,unset,NT
=17384/8248,XT-CWR-40245,XT,CWR,40245,AA3D,XT-00020-402-03,unset,unset,NT
=17384/8253,XT-CWR-40265,XT,CWR,40265,AA3D,XT-00020-402-03,unset,unset,NT
=17384/8258,XT-CWS-10256,XT,CWS,10256,AA3D,XT-00020-102-05,unset,unset,NT
=17384/8263,XT-CWS-00401,XT,CWS,00401,AA3D,XT-00030-004-01,unset,unset,NT
=17384/8268,XT-CWS-10260,XT,CWS,10260,AA3D,XT-00020-102-05,unset,unset,NT
=17384/8273,XT-CWS-10263,XT,CWS,10263,AA3D,XT-00020-102-05,unset,unset,NT
=17384/8278,XT-CWS-20139,XT,CWS,20139,AA3D,XT-00020-201-03,unset,unset,NT
=17384/8283,XT-CWS-20211,XT,CWS,20211,AA3D,XT-00020-202-01,unset,unset,NT
=17384/8288,XT-CWS-20256,XT,CWS,20256,AA3D,XT-00020-202-04,unset,unset,NT
=17384/8293,XT-CWS-20260,XT,CWS,20260,AA3D,XT-00020-202-04,unset,unset,NT
=17384/8298,XT-CWS-20279,XT,CWS,20279,AA3D,XT-00020-202-03,unset,unset,NT
=17384/8303,XT-CWS-30256,XT,CWS,30256,AA3D,XT-00020-302-04,unset,unset,NT
=17384/8308,XT-CWS-30261,XT,CWS,30261,AA3D,XT-00020-302-04,unset,unset,NT
=17384/8313,XT-CWS-40211,XT,CWS,40211,AA3D,XT-00020-402-01,unset,unset,NT
=17384/8318,XT-CWS-40227,XT,CWS,40227,AA3D,XT-00020-402-02,unset,unset,NT
=17384/8323,XT-CWS-40239,XT,CWS,40239,AA3D,XT-00020-402-03,unset,unset,NT
=17384/8328,XT-CWS-40244,XT,CWS,40244,AA3D,XT-00020-402-03,unset,unset,NT
=17384/8333,XT-EW-00301,XT,EW,00301,AJA,XT-00030-003-01,unset,unset,NT
=17384/8338,XT-EW-01001,XT,EW,01001,AJA,XT-00020-010-01,unset,unset,NT
=17384/8343,XT-EW-01002,XT,EW,01002,AJA,XT-00020-010-01,unset,unset,NT
=17384/8348,XT-EW-01003,XT,EW,01003,AJA,XT-00020-010-01,unset,unset,NT
=17384/8353,XT-EW-01005,XT,EW,01005,AJA,XT-00020-010-01,unset,unset,NT
=17384/8358,XT-EW-01007,XT,EW,01007,AJA,XT-00020-010-01,unset,unset,NT
=17384/8363,XT-HO-00801,XT,HO,00801,AA3,XT-00030-008-01,unset,unset,HC
=17384/8368,XT-HO-00802,XT,HO,00802,AA3,XT-00030-008-01,unset,unset,HC
=17384/8373,XT-HO-40122,XT,HO,40122,AA3,XT-00020-401-03,unset,unset,HC
=17384/8378,XT-HO-40123,XT,HO,40123,AA3,XT-00020-401-03,unset,unset,HC
=17384/8383,XT-HO-40135,XT,HO,40135,AA3,XT-00020-401-03,unset,unset,HC
=17384/8388,XT-HO-40136,XT,HO,40136,AA3,XT-00020-401-03,unset,unset,HC
=17384/8393,XT-HO-40148,XT,HO,40148,AA3,XT-00020-401-03,unset,unset,HC
=17384/8398,XT-HO-40149,XT,HO,40149,AA3,XT-00020-401-03,unset,unset,HC
=17384/8403,XT-HO-40161,XT,HO,40161,AA3,XT-00020-401-04,unset,unset,HC
=17384/8408,XT-HO-40162,XT,HO,40162,AA3,XT-00020-401-04,unset,unset,HC
=17384/8413,XT-IA-00901,XT,IA,00901,ACA,XT-00030-009-01,unset,unset,NT
=17384/8418,XT-LC-00107,XT,LC,00107,AA3,XT-00030-001-01,unset,unset,HC
=17384/8423,XT-LC-02004,XT,LC,02004,AA3,XT-00020-020-01,unset,unset,HC
=17384/8428,XT-LC-03005,XT,LC,03005,AA3,XT-00020-030-01,unset,unset,HC
=17384/8433,XT-LC-04002,XT,LC,04002,AA3,XT-00020-040-01,unset,unset,HC
=17384/8438,XT-LC-10104,XT,LC,10104,AA3,XT-00020-101-01,unset,unset,HC
=17384/8443,XT-LC-10106,XT,LC,10106,AA3,XT-00020-101-01,unset,unset,HC
=17384/8448,XT-LC-10110,XT,LC,10110,AA3,XT-00020-101-01,unset,unset,HC
=17384/8453,XT-LC-10124,XT,LC,10124,AA3,XT-00020-101-03,unset,unset,HC
=17384/8458,XT-LC-10134,XT,LC,10134,AA3,XT-00020-101-04,unset,unset,HC
=17384/8463,XT-LC-10145,XT,LC,10145,AA3,XT-00020-101-05,unset,unset,HC
=17384/8468,XT-LC-10157,XT,LC,10157,AA3,XT-00020-101-01,unset,unset,HC
=17384/8473,XT-LC-10158,XT,LC,10158,AA3,XT-00020-101-01,unset,unset,HC
=17384/8478,XT-LC-10203,XT,LC,10203,AA3,XT-00020-102-01,unset,unset,HC
=17384/8483,XT-LC-10209,XT,LC,10209,AA3,XT-00020-102-01,unset,unset,HC
=17384/8488,XT-LC-10211,XT,LC,10211,AA3,XT-00020-102-01,unset,unset,HC
=17384/8493,XT-LC-10213,XT,LC,10213,AA3,XT-00020-102-02,unset,unset,HC
=17384/8498,XT-LC-10216,XT,LC,10216,AA3,XT-00020-102-02,unset,unset,HC
=17384/8503,XT-LC-10221,XT,LC,10221,AA3,XT-00020-102-03,unset,unset,HC
=17384/8508,XT-LC-10243,XT,LC,10243,AA3,XT-00020-102-05,unset,unset,HC
=17384/8513,XT-LC-10248,XT,LC,10248,AA3,XT-00020-102-05,unset,unset,HC
=17384/8518,XT-LC-10272,XT,LC,10272,AA3,XT-00020-102-03,unset,unset,TL
=17384/8523,XT-LC-20107,XT,LC,20107,AA3,XT-00020-201-01,unset,unset,HC
=17384/8528,XT-LC-20116,XT,LC,20116,AA3,XT-00020-201-01,unset,unset,HC
=17384/8533,XT-LC-20142,XT,LC,20142,AA3,XT-00020-201-04,unset,unset,HC
=17384/8538,XT-LC-20221,XT,LC,20221,AA3,XT-00020-202-01,unset,unset,HC
=17384/8543,XT-LC-20243,XT,LC,20243,AA3,XT-00020-202-04,unset,unset,HC
=17384/8548,XT-LC-20251,XT,LC,20251,AA3,XT-00020-202-04,unset,unset,HC
=17384/8553,XT-LC-20264,XT,LC,20264,AA3,XT-00020-202-02,unset,unset,HC
=17384/8558,XT-LC-30103,XT,LC,30103,AA3,XT-00020-301-02,unset,unset,HC
=17384/8563,XT-LC-30105,XT,LC,30105,AA3,XT-00020-301-02,unset,unset,HC
=17384/8568,XT-LC-30106,XT,LC,30106,AA3,XT-00020-301-02,unset,unset,HC
=17384/8573,XT-LC-30114,XT,LC,30114,AA3,XT-00020-301-01,unset,unset,HC
=17384/8578,XT-LC-30124,XT,LC,30124,AA3,XT-00020-301-03,unset,unset,HC
=17384/8583,XT-LC-30138,XT,LC,30138,AA3,XT-00020-301-04,unset,unset,HC
=17384/8588,XT-LC-30140,XT,LC,30140,AA3,XT-00020-301-04,unset,unset,HC
=17384/8593,XT-LC-30153,XT,LC,30153,AA3,XT-00020-301-05,unset,unset,HC
=17384/8598,XT-LC-30174,XT,LC,30174,AA3,XT-00020-301-06,unset,unset,HC
=17384/8603,XT-LC-30178,XT,LC,30178,AA3,XT-00020-301-06,unset,unset,HC
=17384/8608,XT-LC-30208,XT,LC,30208,AA3,XT-00020-302-01,unset,unset,HC
=17384/8613,XT-LC-30210,XT,LC,30210,AA3,XT-00020-302-01,unset,unset,HC
=17384/8618,XT-LC-30238,XT,LC,30238,AA3,XT-00020-302-02,unset,unset,HC
=17384/8623,XT-LC-30245,XT,LC,30245,AA3,XT-00020-302-03,unset,unset,HC
=17384/8628,XT-LC-30249,XT,LC,30249,AA3,XT-00020-302-03,unset,unset,HC
=17384/8633,XT-LC-30275,XT,LC,30275,AA3,XT-00020-302-03,unset,unset,HC
=17384/8638,XT-LC-30277,XT,LC,30277,AA3,XT-00020-302-03,unset,unset,HC
=17384/8643,XT-LC-40102,XT,LC,40102,AA3,XT-00020-401-01,unset,unset,HC
=17384/8648,XT-LC-40107,XT,LC,40107,AA3,XT-00020-401-01,unset,unset,HC
=17384/8653,XT-LC-40119,XT,LC,40119,AA3,XT-00020-401-03,unset,unset,HC
=17384/8658,XT-LC-40132,XT,LC,40132,AA3,XT-00020-401-03,unset,unset,HC
=17384/8663,XT-LC-40145,XT,LC,40145,AA3,XT-00020-401-03,unset,unset,HC
=17384/8668,XT-LC-40158,XT,LC,40158,AA3,XT-00020-401-04,unset,unset,HC
=17384/8673,XT-LC-40176,XT,LC,40176,AA3,XT-00020-401-02,unset,unset,HC
=17384/8678,XT-LC-40182,XT,LC,40182,AA3,XT-00020-401-04,unset,unset,HC
=17384/8683,XT-LC-40190,XT,LC,40190,AA3,XT-00020-401-01,unset,unset,HC
=17384/8688,XT-LC-40218,XT,LC,40218,AA3,XT-00020-402-03,unset,unset,HC
=17384/8693,XT-LC-40233,XT,LC,40233,AA3,XT-00020-402-03,unset,unset,HC
=17384/8698,XT-LC-40260,XT,LC,40260,AA3,XT-00020-402-02,unset,unset,HC
=17384/8703,XT-LS-00101,XT,LS,00101,AA3,XT-00030-001-01,unset,unset,HC
=17384/8708,XT-LS-00103,XT,LS,00103,AA3,XT-00030-001-01,unset,unset,HC
=17384/8713,XT-LS-00104,XT,LS,00104,AA3,XT-00030-001-01,unset,unset,HC
=17384/8718,XT-LS-00105,XT,LS,00105,AA3,XT-00030-001-01,unset,unset,HC
=17384/8723,XT-LS-00106,XT,LS,00106,AA3,XT-00030-001-01,unset,unset,HC
=17384/8728,XT-LS-02008,XT,LS,02008,AA3,XT-00020-020-01,unset,unset,HC
=17384/8733,XT-LS-03004,XT,LS,03004,AA3,XT-00020-030-01,unset,unset,HC
=17384/8738,XT-LS-04003,XT,LS,04003,AA3,XT-00020-040-01,unset,unset,HC
=17384/8743,XT-LS-10105,XT,LS,10105,AA3,XT-00020-101-01,unset,unset,HC
=17384/8748,XT-LS-10107,XT,LS,10107,AA3,XT-00020-101-01,unset,unset,HC
=17384/8753,XT-LS-10111,XT,LS,10111,AA3,XT-00020-101-01,unset,unset,HC
=17384/8758,XT-LS-10125,XT,LS,10125,AA3,XT-00020-101-03,unset,unset,HC
=17384/8763,XT-LS-10135,XT,LS,10135,AA3,XT-00020-101-04,unset,unset,HC
=17384/8768,XT-LS-10146,XT,LS,10146,AA3,XT-00020-101-05,unset,unset,HC
=17384/8773,XT-LS-10159,XT,LS,10159,AA3,XT-00020-101-01,unset,unset,HC
=17384/8778,XT-LS-10160,XT,LS,10160,AA3,XT-00020-101-01,unset,unset,HC
=17384/8783,XT-LS-10204,XT,LS,10204,AA3,XT-00020-102-01,unset,unset,HC
=17384/8788,XT-LS-10210,XT,LS,10210,AA3,XT-00020-102-01,unset,unset,HC
=17384/8793,XT-LS-10212,XT,LS,10212,AA3,XT-00020-102-01,unset,unset,HC
=17384/8798,XT-LS-10214,XT,LS,10214,AA3,XT-00020-102-02,unset,unset,HC
=17384/8803,XT-LS-10217,XT,LS,10217,AA3,XT-00020-102-02,unset,unset,HC
=17384/8808,XT-LS-10227,XT,LS,10227,AA3,XT-00020-102-03,unset,unset,HC
=17384/8813,XT-LS-10228,XT,LS,10228,AA3,XT-00020-102-03,unset,unset,HC
=17384/8818,XT-LS-10246,XT,LS,10246,AA3,XT-00020-102-05,unset,unset,HC
=17384/8823,XT-LS-10247,XT,LS,10247,AA3,XT-00020-102-05,unset,unset,HC
=17384/8828,XT-LS-10267,XT,LS,10267,AA3,XT-00020-102-04,unset,unset,HC
=17384/8833,XT-LS-20106,XT,LS,20106,AA3,XT-00020-201-01,unset,unset,HC
=17384/8838,XT-LS-20115,XT,LS,20115,AA3,XT-00020-201-01,unset,unset,HC
=17384/8843,XT-LS-20141,XT,LS,20141,AA3,XT-00020-201-04,unset,unset,HC
=17384/8848,XT-LS-20216,XT,LS,20216,AA3,XT-00020-202-01,unset,unset,HC
=17384/8853,XT-LS-20242,XT,LS,20242,AA3,XT-00020-202-04,unset,unset,HC
=17384/8858,XT-LS-20252,XT,LS,20252,AA3,XT-00020-202-04,unset,unset,HC
=17384/8863,XT-LS-20263,XT,LS,20263,AA3,XT-00020-202-02,unset,unset,HC
=17384/8868,XT-LS-20266,XT,LS,20266,AA3,XT-00020-202-02,unset,unset,HC
=17384/8873,XT-LS-20288,XT,LS,20288,AA3,XT-00020-201-02,unset,unset,HC
=17384/8878,XT-LS-20290,XT,LS,20290,AA3,XT-00020-201-02,unset,unset,HC
=17384/8883,XT-LS-30104,XT,LS,30104,AA3,XT-00020-301-02,unset,unset,HC
=17384/8888,XT-LS-30107,XT,LS,30107,AA3,XT-00020-301-02,unset,unset,HC
=17384/8893,XT-LS-30108,XT,LS,30108,AA3,XT-00020-301-02,unset,unset,HC
=17384/8898,XT-LS-30113,XT,LS,30113,AA3,XT-00020-301-01,unset,unset,HC
=17384/8903,XT-LS-30125,XT,LS,30125,AA3,XT-00020-301-03,unset,unset,HC
=17384/8908,XT-LS-30137,XT,LS,30137,AA3,XT-00020-301-04,unset,unset,HC
=17384/8913,XT-LS-30141,XT,LS,30141,AA3,XT-00020-301-04,unset,unset,HC
=17384/8918,XT-LS-30154,XT,LS,30154,AA3,XT-00020-301-05,unset,unset,HC
=17384/8923,XT-LS-30158,XT,LS,30158,AA3,XT-00020-301-05,unset,unset,HC
=17384/8928,XT-LS-30159,XT,LS,30159,AA3,XT-00020-301-05,unset,unset,HC
=17384/8933,XT-LS-30176,XT,LS,30176,AA3,XT-00020-301-06,unset,unset,HC
=17384/8938,XT-LS-30179,XT,LS,30179,AA3,XT-00020-301-06,unset,unset,HC
=17384/8943,XT-LS-30206,XT,LS,30206,AA3,XT-00020-302-01,unset,unset,HC
=17384/8948,XT-LS-30211,XT,LS,30211,AA3,XT-00020-302-01,unset,unset,HC
=17384/8953,XT-LS-30237,XT,LS,30237,AA3,XT-00020-302-02,unset,unset,HC
=17384/8958,XT-LS-30239,XT,LS,30239,AA3,XT-00020-302-02,unset,unset,HC
=17384/8963,XT-LS-30243,XT,LS,30243,AA3,XT-00020-302-02,unset,unset,HC
=17384/8968,XT-LS-30247,XT,LS,30247,AA3,XT-00020-302-03,unset,unset,HC
=17384/8973,XT-LS-30250,XT,LS,30250,AA3,XT-00020-302-03,unset,unset,HC
=17384/8978,XT-LS-30276,XT,LS,30276,AA3,XT-00020-302-03,unset,unset,HC
=17384/8983,XT-LS-30278,XT,LS,30278,AA3,XT-00020-302-03,unset,unset,HC
=17384/8988,XT-LS-40103,XT,LS,40103,AA3,XT-00020-401-01,unset,unset,HC
=17384/8993,XT-LS-40108,XT,LS,40108,AA3,XT-00020-401-01,unset,unset,HC
=17384/8998,XT-LS-40118,XT,LS,40118,AA3,XT-00020-401-03,unset,unset,HC
=17384/9003,XT-LS-40131,XT,LS,40131,AA3,XT-00020-401-03,unset,unset,HC
=17384/9008,XT-LS-40144,XT,LS,40144,AA3,XT-00020-401-03,unset,unset,HC
=17384/9013,XT-LS-40157,XT,LS,40157,AA3,XT-00020-401-04,unset,unset,HC
=17384/9018,XT-LS-40175,XT,LS,40175,AA3,XT-00020-401-02,unset,unset,HC
=17384/9023,XT-LS-40181,XT,LS,40181,AA3,XT-00020-401-04,unset,unset,HC
=17384/9028,XT-LS-40189,XT,LS,40189,AA3,XT-00020-401-01,unset,unset,HC
=17384/9033,XT-LS-40217,XT,LS,40217,AA3,XT-00020-402-02,unset,unset,HC
=17384/9038,XT-LS-40232,XT,LS,40232,AA3,XT-00020-402-03,unset,unset,HC
=17384/9043,XT-LS-40234,XT,LS,40234,AA3,XT-00020-402-03,unset,unset,HC
=17384/9048,XT-MC-00205,XT,MC,00205,BA3,XT-00030-002-01,unset,unset,HC
=17384/9053,XT-MS-00201,XT,MS,00201,BA3,XT-00030-002-01,unset,unset,HC
=17384/9058,XT-MS-00202,XT,MS,00202,BA3,XT-00030-002-01,unset,unset,HC
=17384/9063,XT-MS-00203,XT,MS,00203,BA3,XT-00030-002-01,unset,unset,HC
=17384/9068,XT-MS-00204,XT,MS,00204,BA3,XT-00030-002-01,unset,unset,HC
=17384/9073,XT-MS-40247,XT,MS,40247,BA3,XT-00020-402-03,unset,unset,HC
=17384/9078,XT-MS-40249,XT,MS,40249,BA3,XT-00020-402-03,unset,unset,HC
=17384/9083,XT-P-03001,XT,P,03001,AA3D,XT-00020-030-01,unset,unset,TL
=17384/9088,XT-P-03002,XT,P,03002,AJA,XT-00020-030-01,unset,unset,TL
=17384/9093,XT-P-03003,XT,P,03003,AA3D,XT-00020-030-01,unset,unset,TL
=17384/9098,XT-P-03009,XT,P,03009,AJA,XT-00020-030-01,unset,unset,TL
=17384/9103,XT-P-03010,XT,P,03010,AKA,XT-00020-030-01,unset,unset,TL
=17384/9108,XT-P-10101,XT,P,10101,AKA,XT-00020-101-01,unset,unset,TL
=17384/9113,XT-P-10102,XT,P,10102,AKA,XT-00020-101-01,unset,unset,TL
=17384/9118,XT-P-10103,XT,P,10103,AKA,XT-00020-101-01,unset,unset,TL
=17384/9123,XT-P-10108,XT,P,10108,AKA,XT-00020-101-01,unset,unset,TL
=17384/9128,XT-P-10109,XT,P,10109,AKA,XT-00020-101-01,unset,unset,TL
=17384/9133,XT-P-10112,XT,P,10112,AKA,XT-00020-101-01,unset,unset,TL
=17384/9138,XT-P-10113,XT,P,10113,PT16,XT-00020-101-01,unset,unset,TL
=17384/9143,XT-P-10115,XT,P,10115,PT16,XT-00020-101-02,unset,unset,EP
=17384/9148,XT-P-10116,XT,P,10116,PT16,XT-00020-101-02,unset,unset,EP
=17384/9153,XT-P-10117,XT,P,10117,PT16,XT-00020-101-02,unset,unset,EP
=17384/9158,XT-P-10122,XT,P,10122,PT16,XT-00020-101-03,unset,unset,EP
=17384/9163,XT-P-10126,XT,P,10126,PT16,XT-00020-101-03,unset,unset,EP
=17384/9168,XT-P-10127,XT,P,10127,PT16,XT-00020-101-03,unset,unset,EP
=17384/9173,XT-P-10128,XT,P,10128,PT16,XT-00020-101-03,unset,unset,HC
=17384/9178,XT-P-10132,XT,P,10132,PT16,XT-00020-101-04,unset,unset,EP
=17384/9183,XT-P-10136,XT,P,10136,PT16,XT-00020-101-04,unset,unset,EP
=17384/9188,XT-P-10137,XT,P,10137,PT16,XT-00020-101-04,unset,unset,EP
=17384/9193,XT-P-10138,XT,P,10138,PT16,XT-00020-101-04,unset,unset,EP
=17384/9198,XT-P-10142,XT,P,10142,PT16,XT-00020-101-05,unset,unset,EP
=17384/9203,XT-P-10147,XT,P,10147,PT16,XT-00020-101-05,unset,unset,EP
=17384/9208,XT-P-10148,XT,P,10148,PT16,XT-00020-101-05,unset,unset,EP
=17384/9213,XT-P-10155,XT,P,10155,AKA,XT-00020-101-01,unset,unset,TL
=17384/9218,XT-P-10156,XT,P,10156,AKA,XT-00020-101-01,unset,unset,TL
=17384/9223,XT-P-10161,XT,P,10161,AKA,XT-00020-101-01,unset,unset,TL
=17384/9228,XT-P-10162,XT,P,10162,AKA,XT-00020-101-01,unset,unset,TL
=17384/9233,XT-P-10163,XT,P,10163,AKA,XT-00020-101-01,unset,unset,TL
=17384/9238,XT-P-10164,XT,P,10164,PT16,XT-00020-101-02,unset,unset,EP
=17384/9243,XT-P-10201,XT,P,10201,AKA,XT-00020-102-01,unset,unset,TL
=17384/9248,XT-P-10205,XT,P,10205,AKA,XT-00020-102-01,unset,unset,TL
=17384/9253,XT-P-10206,XT,P,10206,AKA,XT-00020-102-01,unset,unset,TL
=17384/9258,XT-P-10207,XT,P,10207,AKA,XT-00020-102-01,unset,unset,TL
=17384/9263,XT-P-10208,XT,P,10208,AKA,XT-00020-102-01,unset,unset,TL
=17384/9268,XT-P-10215,XT,P,10215,AKA,XT-00020-102-02,unset,unset,TL
=17384/9273,XT-P-10218,XT,P,10218,AKA,XT-00020-102-02,unset,unset,TL
=17384/9278,XT-P-10219,XT,P,10219,AKA,XT-00020-102-02,unset,unset,TL
=17384/9283,XT-P-10226,XT,P,10226,AKA,XT-00020-102-03,unset,unset,TL
=17384/9288,XT-P-10229,XT,P,10229,AKA,XT-00020-102-03,unset,unset,TL
=17384/9293,XT-P-10230,XT,P,10230,AKA,XT-00020-102-04,unset,unset,TL
=17384/9298,XT-P-10231,XT,P,10231,AKA,XT-00020-102-04,unset,unset,TL
=17384/9303,XT-P-10232,XT,P,10232,AKA,XT-00020-102-04,unset,unset,TL
=17384/9308,XT-P-10233,XT,P,10233,AKA,XT-00020-102-04,unset,unset,TL
=17384/9313,XT-P-10234,XT,P,10234,AKA,XT-00020-102-04,unset,unset,TL
=17384/9318,XT-P-10235,XT,P,10235,AKA,XT-00020-102-04,unset,unset,TL
=17384/9323,XT-P-10236,XT,P,10236,AKA,XT-00020-102-04,unset,unset,TL
=17384/9328,XT-P-10237,XT,P,10237,AKA,XT-00020-102-04,unset,unset,TL
=17384/9333,XT-P-10238,XT,P,10238,AKA,XT-00020-102-04,unset,unset,TL
=17384/9338,XT-P-10239,XT,P,10239,AKA,XT-00020-102-04,unset,unset,TL
=17384/9343,XT-P-10241,XT,P,10241,AKA,XT-00020-102-04,unset,unset,TL
=17384/9348,XT-P-10242,XT,P,10242,AKA,XT-00020-102-04,unset,unset,TL
=17384/9353,XT-P-10249,XT,P,10249,AKA,XT-00020-102-05,unset,unset,TL
=17384/9358,XT-P-10250,XT,P,10250,AKA,XT-00020-102-05,unset,unset,TL
=17384/9363,XT-P-10262,XT,P,10262,AKA,XT-00020-102-05,unset,unset,TL
=17384/9368,XT-P-10268,XT,P,10268,AKA,XT-00020-102-02,unset,unset,TL
=17384/9373,XT-P-10273,XT,P,10273,AKA,XT-00020-102-03,unset,unset,PP
=17384/9378,XT-P-20101,XT,P,20101,AJA,XT-00020-201-02,unset,unset,TL
=17384/9383,XT-P-20102,XT,P,20102,AJA,XT-00020-201-02,unset,unset,TL
=17384/9388,XT-P-20103,XT,P,20103,AJA,XT-00020-201-02,unset,unset,TL
=17384/9393,XT-P-20104,XT,P,20104,AJA,XT-00020-201-01,unset,unset,TL
=17384/9398,XT-P-20105,XT,P,20105,AJA,XT-00020-201-02,unset,unset,TL
=17384/9403,XT-P-20108,XT,P,20108,AJA,XT-00020-201-01,unset,unset,TL
=17384/9408,XT-P-20109,XT,P,20109,AJA,XT-00020-201-01,unset,unset,TL
=17384/9413,XT-P-20110,XT,P,20110,AJA,XT-00020-201-01,unset,unset,TL
=17384/9418,XT-P-20111,XT,P,20111,AJA,XT-00020-201-01,unset,unset,TL
=17384/9423,XT-P-20113,XT,P,20113,AJA,XT-00020-201-01,unset,unset,TL
=17384/9428,XT-P-20118,XT,P,20118,AKA,XT-00020-201-01,unset,unset,TL
=17384/9433,XT-P-20120,XT,P,20120,AKA,XT-00020-201-03,unset,unset,TL
=17384/9438,XT-P-20121,XT,P,20121,AKA,XT-00020-201-03,unset,unset,TL
=17384/9443,XT-P-20122,XT,P,20122,AKA,XT-00020-201-03,unset,unset,TL
=17384/9448,XT-P-20125,XT,P,20125,AKA,XT-00020-201-03,unset,unset,TL
=17384/9453,XT-P-20126,XT,P,20126,AKA,XT-00020-201-03,unset,unset,TL
=17384/9458,XT-P-20127,XT,P,20127,AKA,XT-00020-201-03,unset,unset,TL
=17384/9463,XT-P-20129,XT,P,20129,AKA,XT-00020-201-03,unset,unset,TL
=17384/9468,XT-P-20131,XT,P,20131,AKA,XT-00020-201-03,unset,unset,TL
=17384/9473,XT-P-20132,XT,P,20132,AKA,XT-00020-201-03,unset,unset,TL
=17384/9478,XT-P-20133,XT,P,20133,AKA,XT-00020-201-04,unset,unset,NT
=17384/9483,XT-P-20143,XT,P,20143,AKA,XT-00020-201-03,unset,unset,TL
=17384/9488,XT-P-20149,XT,P,20149,AKA,XT-00020-201-04,unset,unset,NT
=17384/9493,XT-P-20150,XT,P,20150,AKA,XT-00020-201-04,unset,unset,TL
=17384/9498,XT-P-20152,XT,P,20152,AKA,XT-00020-201-04,unset,unset,TL
=17384/9503,XT-P-20153,XT,P,20153,AKA,XT-00020-201-04,unset,unset,TL
=17384/9508,XT-P-20154,XT,P,20154,AKA,XT-00020-201-04,unset,unset,TL
=17384/9513,XT-P-20156,XT,P,20156,AKA,XT-00020-201-04,unset,unset,TL
=17384/9518,XT-P-20157,XT,P,20157,AKA,XT-00020-201-04,unset,unset,TL
=17384/9523,XT-P-20158,XT,P,20158,AKA,XT-00020-201-04,unset,unset,TL
=17384/9528,XT-P-20170,XT,P,20170,AJA,XT-00020-301-02,unset,unset,NT
=17384/9533,XT-P-20171,XT,P,20171,AJA,XT-00020-301-02,unset,unset,unset
=17384/9538,XT-P-20172,XT,P,20172,AJA,XT-00020-301-06,unset,unset,TL
=17384/9543,XT-P-20173,XT,P,20173,AJA,XT-00020-301-02,unset,unset,NT
=17384/9548,XT-P-20175,XT,P,20175,AJA,XT-00020-301-04,unset,unset,NT
=17384/9553,XT-P-20185,XT,P,20185,AJA,XT-00020-201-01,unset,unset,TL
=17384/9558,XT-P-20201,XT,P,20201,AKA,XT-00020-202-01,unset,unset,TL
=17384/9563,XT-P-20203,XT,P,20203,AKA,XT-00020-202-01,unset,unset,TL
=17384/9568,XT-P-20204,XT,P,20204,AKA,XT-00020-202-01,unset,unset,TL
=17384/9573,XT-P-20205,XT,P,20205,AKA,XT-00020-202-01,unset,unset,TL
=17384/9578,XT-P-20207,XT,P,20207,AKA,XT-00020-202-01,unset,unset,TL
=17384/9583,XT-P-20208,XT,P,20208,AKA,XT-00020-202-01,unset,unset,TL
=17384/9588,XT-P-20209,XT,P,20209,AKA,XT-00020-202-01,unset,unset,TL
=17384/9593,XT-P-20210,XT,P,20210,AKA,XT-00020-202-01,unset,unset,TL
=17384/9598,XT-P-20219,XT,P,20219,AKA,XT-00020-202-01,unset,unset,TL
=17384/9603,XT-P-20220,XT,P,20220,AKA,XT-00020-202-01,unset,unset,TL
=17384/9608,XT-P-20222,XT,P,20222,AKA,XT-00020-202-01,unset,unset,TL
=17384/9613,XT-P-20223,XT,P,20223,AKA,XT-00020-202-01,unset,unset,TL
=17384/9618,XT-P-20227,XT,P,20227,AKA,XT-00020-202-03,unset,unset,TL
=17384/9623,XT-P-20228,XT,P,20228,AKA,XT-00020-202-03,unset,unset,TL
=17384/9628,XT-P-20229,XT,P,20229,AKA,XT-00020-202-03,unset,unset,TL
=17384/9633,XT-P-20231,XT,P,20231,AKA,XT-00020-202-03,unset,unset,TL
=17384/9638,XT-P-20232,XT,P,20232,AKA,XT-00020-202-03,unset,unset,TL
=17384/9643,XT-P-20233,XT,P,20233,AKA,XT-00020-202-03,unset,unset,TL
=17384/9648,XT-P-20236,XT,P,20236,AKA,XT-00020-202-03,unset,unset,TL
=17384/9653,XT-P-20237,XT,P,20237,AKA,XT-00020-202-03,unset,unset,TL
=17384/9658,XT-P-20240,XT,P,20240,AKA,XT-00020-202-03,unset,unset,TL
=17384/9663,XT-P-20245,XT,P,20245,AKA,XT-00020-202-04,unset,unset,TL
=17384/9668,XT-P-20272,XT,P,20272,AJA,XT-00020-202-04,unset,unset,TL
=17384/9673,XT-P-20273,XT,P,20273,AJA,XT-00020-202-04,unset,unset,TL
=17384/9678,XT-P-20274,XT,P,20274,AJA,XT-00020-202-04,unset,unset,TL
=17384/9683,XT-P-20275,XT,P,20275,AJA,XT-00020-202-04,unset,unset,TL
=17384/9688,XT-P-20286,XT,P,20286,AJA,XT-00020-201-02,unset,unset,TL
=17384/9693,XT-P-30101,XT,P,30101,AJA,XT-00020-301-02,unset,unset,TL
=17384/9698,XT-P-30102,XT,P,30102,AJA,XT-00020-301-02,unset,unset,TL
=17384/9703,XT-P-30109,XT,P,30109,AJA,XT-00020-301-01,unset,unset,TL
=17384/9708,XT-P-30110,XT,P,30110,AJA,XT-00020-301-02,unset,unset,TL
=17384/9713,XT-P-30112,XT,P,30112,AJA,XT-00020-301-01,unset,unset,TL
=17384/9718,XT-P-30115,XT,P,30115,AJA,XT-00020-301-01,unset,unset,TL
=17384/9723,XT-P-30116,XT,P,30116,AJA,XT-00020-301-01,unset,unset,TL
=17384/9728,XT-P-30118,XT,P,30118,AJA,XT-00020-301-01,unset,unset,TL
=17384/9733,XT-P-30120,XT,P,30120,AJA,XT-00020-301-01,unset,unset,TL
=17384/9738,XT-P-30123,XT,P,30123,AJA,XT-00020-301-01,unset,unset,TL
=17384/9743,XT-P-30126,XT,P,30126,AJA,XT-00020-301-03,unset,unset,TL
=17384/9748,XT-P-30127,XT,P,30127,AJA,XT-00020-301-03,unset,unset,TL
=17384/9753,XT-P-30128,XT,P,30128,AJA,XT-00020-301-02,unset,unset,TL
=17384/9758,XT-P-30129,XT,P,30129,AJA,XT-00020-301-04,unset,unset,NT
=17384/9763,XT-P-30142,XT,P,30142,AJA,XT-00020-301-04,unset,unset,TL
=17384/9768,XT-P-30143,XT,P,30143,AJA,XT-00020-301-04,unset,unset,TL
=17384/9773,XT-P-30144,XT,P,30144,AJA,XT-00020-301-04,unset,unset,TL
=17384/9778,XT-P-30145,XT,P,30145,AJA,XT-00020-301-04,unset,unset,TL
=17384/9783,XT-P-30146,XT,P,30146,AJA,XT-00020-301-04,unset,unset,TL
=17384/9788,XT-P-30147,XT,P,30147,AJA,XT-00020-301-04,unset,unset,TL
=17384/9793,XT-P-30148,XT,P,30148,AJA,XT-00020-301-04,unset,unset,TL
=17384/9798,XT-P-30149,XT,P,30149,AJA,XT-00020-301-05,unset,unset,TL
=17384/9803,XT-P-30150,XT,P,30150,AJA,XT-00020-301-05,unset,unset,TL
=17384/9808,XT-P-30151,XT,P,30151,AJA,XT-00020-301-05,unset,unset,TL
=17384/9813,XT-P-30152,XT,P,30152,AJA,XT-00020-301-05,unset,unset,TL
=17384/9818,XT-P-30155,XT,P,30155,AJA,XT-00020-301-05,unset,unset,TL
=17384/9823,XT-P-30160,XT,P,30160,AJA,XT-00020-301-05,unset,unset,TL
=17384/9828,XT-P-30161,XT,P,30161,AJA,XT-00020-301-05,unset,unset,TL
=17384/9833,XT-P-30162,XT,P,30162,AJA,XT-00020-301-05,unset,unset,TL
=17384/9838,XT-P-30163,XT,P,30163,AJA,XT-00020-301-05,unset,unset,TL
=17384/9843,XT-P-30165,XT,P,30165,AJA,XT-00020-301-05,unset,unset,TL
=17384/9848,XT-P-30166,XT,P,30166,AJA,XT-00020-301-05,unset,unset,TL
=17384/9853,XT-P-30167,XT,P,30167,AJA,XT-00020-301-05,unset,unset,TL
=17384/9858,XT-P-30170,XT,P,30170,AJA,XT-00020-301-05,unset,unset,TL
=17384/9863,XT-P-30180,XT,P,30180,AJA,XT-00020-301-06,unset,unset,TL
=17384/9868,XT-P-30181,XT,P,30181,AJA,XT-00020-301-06,unset,unset,TL
=17384/9873,XT-P-30182,XT,P,30182,AJA,XT-00020-301-06,unset,unset,TL
=17384/9878,XT-P-30183,XT,P,30183,AJA,XT-00020-301-03,unset,unset,TL
=17384/9883,XT-P-30184,XT,P,30184,AJA,XT-00020-301-01,unset,unset,TL
=17384/9888,XT-P-30188,XT,P,30188,AJA,XT-00020-301-02,unset,unset,TL
=17384/9893,XT-P-30189,XT,P,30189,AJA,XT-00020-301-02,unset,unset,TL
=17384/9898,XT-P-30202,XT,P,30202,AJA,XT-00020-302-01,unset,unset,TL
=17384/9903,XT-P-30212,XT,P,30212,AJA,XT-00020-302-01,unset,unset,TL
=17384/9908,XT-P-30213,XT,P,30213,AJA,XT-00020-302-01,unset,unset,TL
=17384/9913,XT-P-30214,XT,P,30214,AJA,XT-00020-302-01,unset,unset,TL
=17384/9918,XT-P-30215,XT,P,30215,AJA,XT-00020-302-01,unset,unset,TL
=17384/9923,XT-P-30216,XT,P,30216,AJA,XT-00020-302-01,unset,unset,TL
=17384/9928,XT-P-30217,XT,P,30217,AJA,XT-00020-302-01,unset,unset,TL
=17384/9933,XT-P-30218,XT,P,30218,AJA,XT-00020-302-01,unset,unset,TL
=17384/9938,XT-P-30219,XT,P,30219,AJA,XT-00020-302-02,unset,unset,TL
=17384/9943,XT-P-30220,XT,P,30220,AJA,XT-00020-302-02,unset,unset,TL
=17384/9948,XT-P-30221,XT,P,30221,AJA,XT-00020-302-02,unset,unset,TL
=17384/9953,XT-P-30222,XT,P,30222,AJA,XT-00020-302-02,unset,unset,TL
=17384/9958,XT-P-30225,XT,P,30225,AJA,XT-00020-302-02,unset,unset,TL
=17384/9963,XT-P-30226,XT,P,30226,AJA,XT-00020-302-02,unset,unset,TL
=17384/9968,XT-P-30227,XT,P,30227,AJA,XT-00020-302-02,unset,unset,TL
=17384/9973,XT-P-30228,XT,P,30228,AJA,XT-00020-302-02,unset,unset,TL
=17384/9978,XT-P-30229,XT,P,30229,AJA,XT-00020-302-02,unset,unset,TL
=17384/9983,XT-P-30231,XT,P,30231,AJA,XT-00020-302-02,unset,unset,TL
=17384/9988,XT-P-30232,XT,P,30232,AJA,XT-00020-302-02,unset,unset,TL
=17384/9993,XT-P-30233,XT,P,30233,AJA,XT-00020-302-02,unset,unset,TL
=17384/9998,XT-P-30252,XT,P,30252,AJA,XT-00020-302-03,unset,unset,TL
=17384/10003,XT-P-30253,XT,P,30253,AJA,XT-00020-302-03,unset,unset,TL
=17384/10008,XT-P-30254,XT,P,30254,AJA,XT-00020-302-03,unset,unset,TL
=17384/10013,XT-P-30258,XT,P,30258,AJA,XT-00020-302-04,unset,unset,NT
=17384/10018,XT-P-30266,XT,P,30266,AJA,XT-00020-302-03,unset,unset,TL
=17384/10023,XT-P-30271,XT,P,30271,AJA,XT-00020-302-03,unset,unset,TL
=17384/10028,XT-P-30272,XT,P,30272,AJA,XT-00020-302-03,unset,unset,NT
=17384/10033,XT-P-30273,XT,P,30273,AJA,XT-00020-302-03,unset,unset,NT
=17384/10038,XT-P-30274,XT,P,30274,AJA,XT-00020-301-02,unset,unset,TL
=17384/10043,XT-P-30280,XT,P,30280,AJA,XT-00020-301-01,unset,unset,TL
=17384/10048,XT-P-30284,XT,P,30284,AJA,XT-00020-301-04,unset,unset,unset
=17384/10053,XT-P-30292,XT,P,30292,AA3D,XT-00020-302-01,unset,unset,NT
=17384/10058,XT-P-30293,XT,P,30293,AA3D,XT-00020-302-01,unset,unset,NT
=17384/10063,XT-P-30294,XT,P,30294,AA3D,XT-00020-302-01,unset,unset,NT
=17384/10068,XT-P-40101,XT,P,40101,AKA,XT-00020-401-01,unset,unset,TL
=17384/10073,XT-P-40104,XT,P,40104,AKA,XT-00020-401-01,unset,unset,TL
=17384/10078,XT-P-40105,XT,P,40105,AKA,XT-00020-401-01,unset,unset,TL
=17384/10083,XT-P-40106,XT,P,40106,AKA,XT-00020-401-01,unset,unset,TL
=17384/10088,XT-P-40109,XT,P,40109,AKA,XT-00020-401-01,unset,unset,TL
=17384/10093,XT-P-40110,XT,P,40110,AKA,XT-00020-401-02,unset,unset,TL
=17384/10098,XT-P-40111,XT,P,40111,AKA,XT-00020-401-02,unset,unset,TL
=17384/10103,XT-P-40116,XT,P,40116,AKA,XT-00020-401-02,unset,unset,TL
=17384/10108,XT-P-40117,XT,P,40117,AKA,XT-00020-401-02,unset,unset,TL
=17384/10113,XT-P-40120,XT,P,40120,AKA,XT-00020-401-03,unset,unset,TL
=17384/10118,XT-P-40121,XT,P,40121,AKA,XT-00020-401-03,unset,unset,TL
=17384/10123,XT-P-40124,XT,P,40124,AKA,XT-00020-401-03,unset,unset,TL
=17384/10128,XT-P-40126,XT,P,40126,AKA,XT-00020-401-03,unset,unset,TL
=17384/10133,XT-P-40130,XT,P,40130,AKA,XT-00020-401-03,unset,unset,TL
=17384/10138,XT-P-40133,XT,P,40133,AKA,XT-00020-401-03,unset,unset,TL
=17384/10143,XT-P-40134,XT,P,40134,AKA,XT-00020-401-03,unset,unset,TL
=17384/10148,XT-P-40137,XT,P,40137,AKA,XT-00020-401-03,unset,unset,TL
=17384/10153,XT-P-40139,XT,P,40139,AKA,XT-00020-401-03,unset,unset,TL
=17384/10158,XT-P-40143,XT,P,40143,AKA,XT-00020-401-03,unset,unset,TL
=17384/10163,XT-P-40146,XT,P,40146,AKA,XT-00020-401-03,unset,unset,TL
=17384/10168,XT-P-40147,XT,P,40147,AKA,XT-00020-401-03,unset,unset,TL
=17384/10173,XT-P-40152,XT,P,40152,AKA,XT-00020-401-03,unset,unset,TL
=17384/10178,XT-P-40156,XT,P,40156,AKA,XT-00020-401-03,unset,unset,TL
=17384/10183,XT-P-40159,XT,P,40159,AKA,XT-00020-401-04,unset,unset,TL
=17384/10188,XT-P-40160,XT,P,40160,AKA,XT-00020-401-04,unset,unset,TL
=17384/10193,XT-P-40163,XT,P,40163,AKA,XT-00020-401-04,unset,unset,TL
=17384/10198,XT-P-40165,XT,P,40165,AKA,XT-00020-401-04,unset,unset,TL
=17384/10203,XT-P-40169,XT,P,40169,AKA,XT-00020-401-04,unset,unset,TL
=17384/10208,XT-P-40172,XT,P,40172,AKA,XT-00020-401-03,unset,unset,TL
=17384/10213,XT-P-40177,XT,P,40177,AKA,XT-00020-401-02,unset,unset,TL
=17384/10218,XT-P-40179,XT,P,40179,AKA,XT-00020-401-04,unset,unset,TL
=17384/10223,XT-P-40180,XT,P,40180,AKA,XT-00020-401-04,unset,unset,TL
=17384/10228,XT-P-40184,XT,P,40184,AKA,XT-00020-401-03,unset,unset,TL
=17384/10233,XT-P-40185,XT,P,40185,AKA,XT-00020-401-03,unset,unset,TL
=17384/10238,XT-P-40186,XT,P,40186,AKA,XT-00020-401-03,unset,unset,TL
=17384/10243,XT-P-40187,XT,P,40187,AKA,XT-00020-401-04,unset,unset,TL
=17384/10248,XT-P-40188,XT,P,40188,AKA,XT-00020-401-03,unset,unset,TL
=17384/10253,XT-P-40202,XT,P,40202,AKA,XT-00020-402-01,unset,unset,TL
=17384/10258,XT-P-40203,XT,P,40203,AKA,XT-00020-402-01,unset,unset,TL
=17384/10263,XT-P-40204,XT,P,40204,AKA,XT-00020-402-01,unset,unset,TL
=17384/10268,XT-P-40205,XT,P,40205,AKA,XT-00020-401-01,unset,unset,TL
=17384/10273,XT-P-40206,XT,P,40206,AKA,XT-00020-402-01,unset,unset,TL
=17384/10278,XT-P-40207,XT,P,40207,AKA,XT-00020-402-01,unset,unset,TL
=17384/10283,XT-P-40210,XT,P,40210,AKA,XT-00020-402-01,unset,unset,TL
=17384/10288,XT-P-40214,XT,P,40214,AKA,XT-00020-402-01,unset,unset,TL
=17384/10293,XT-P-40216,XT,P,40216,AKA,XT-00020-402-02,unset,unset,TL
=17384/10298,XT-P-40219,XT,P,40219,AKA,XT-00020-402-02,unset,unset,TL
=17384/10303,XT-P-40220,XT,P,40220,AKA,XT-00020-402-02,unset,unset,TL
=17384/10308,XT-P-40221,XT,P,40221,AKA,XT-00020-402-02,unset,unset,TL
=17384/10313,XT-P-40222,XT,P,40222,AKA,XT-00020-402-02,unset,unset,TL
=17384/10318,XT-P-40223,XT,P,40223,AKA,XT-00020-402-02,unset,unset,TL
=17384/10323,XT-P-40226,XT,P,40226,AKA,XT-00020-402-02,unset,unset,TL
=17384/10328,XT-P-40230,XT,P,40230,AKA,XT-00020-402-02,unset,unset,TL
=17384/10333,XT-P-40231,XT,P,40231,AKA,XT-00020-402-03,unset,unset,TL
=17384/10338,XT-P-40235,XT,P,40235,AKA,XT-00020-402-03,unset,unset,TL
=17384/10343,XT-P-40236,XT,P,40236,AKA,XT-00020-402-03,unset,unset,TL
=17384/10348,XT-P-40255,XT,P,40255,AKA,XT-00020-402-01,unset,unset,TL
=17384/10355,XT-P-40261,XT,P,40261,AKA,XT-00020-402-01,unset,unset,TL
=17384/10360,XT-P-40262,XT,P,40262,AKA,XT-00020-402-02,unset,unset,TL
=17384/10365,XT-P-40263,XT,P,40263,AKA,XT-00020-402-03,unset,unset,TL
=17384/10370,XT-P-40264,XT,P,40264,AKA,XT-00020-402-02,unset,unset,TL
=17384/10375,XT-PA-00902,XT,PA,00902,AA3D,XT-00030-009-01,unset,unset,NT
=17384/10380,XT-PA-10245,XT,PA,10245,AA3D,XT-00020-102-05,unset,unset,NT
=17384/10385,XT-PA-10307,XT,PA,10307,AA3D,XT-00020-103-01,unset,unset,unset
=17384/10390,XT-PA-30157,XT,PA,30157,AA3D,XT-00020-301-05,unset,unset,NT
=17384/10395,XT-PA-30164,XT,PA,30164,AA3D,XT-00020-301-05,unset,unset,NT
=17384/10400,XT-PA-30168,XT,PA,30168,AA3D,XT-00020-301-05,unset,unset,NT
=17384/10405,XT-PA-30169,XT,PA,30169,AA3D,XT-00020-301-04,unset,unset,NT
=17384/10410,XT-PA-30177,XT,PA,30177,AA3D,XT-00020-301-06,unset,unset,NT
=17384/10415,XT-PA-30236,XT,PA,30236,AA3D,XT-00020-302-02,unset,unset,NT
=17384/10420,XT-PA-30241,XT,PA,30241,AA3D,XT-00020-302-02,unset,unset,NT
=17384/10425,XT-PA-30242,XT,PA,30242,AA3D,XT-00020-302-02,unset,unset,NT
=17384/10430,XT-PA-30248,XT,PA,30248,AA3D,XT-00020-302-03,unset,unset,NT
=17384/10435,XT-PA-30285,XT,PA,30285,AA3D,XT-00020-301-04,unset,unset,NT
=17384/10440,XT-PA-30286,XT,PA,30286,AA3D,XT-00020-301-04,unset,unset,NT
=17384/10445,XT-PA-30287,XT,PA,30287,AA3D,XT-00020-301-04,unset,unset,NT
=17384/10450,XT-PA-30288,XT,PA,30288,AA3D,XT-00020-302-03,unset,unset,NT
=17384/10455,XT-PA-30289,XT,PA,30289,AA3D,XT-00020-302-03,unset,unset,NT
=17384/10460,XT-PA-30297,XT,PA,30297,AA3D,XT-00020-302-01,unset,unset,NT
=17384/10465,XT-PW-10311,XT,PW,10311,AA3D,XT-00020-103-01,unset,unset,unset
=17384/10470,XT-PW-00701,XT,PW,00701,AA3D,XT-00030-007-01,unset,unset,NT
=17384/10475,XT-PW-20271,XT,PW,20271,AA3D,XT-00020-202-02,unset,unset,NT
=17384/10480,XT-PW-20287,XT,PW,20287,AA3D,XT-00020-201-02,unset,unset,NT
=17384/10485,XT-PW-20289,XT,PW,20289,AA3D,XT-00020-201-02,unset,unset,NT
=17384/10490,XT-SP-03011,XT,SP,03011,AA3,XT-00020-030-01,unset,unset,NT
=17384/10495,XT-SP-03012,XT,SP,03012,AA3,XT-00020-030-01,unset,unset,TL
=17384/10500,XT-SP-03013,XT,SP,03013,AA3,XT-00020-030-01,unset,unset,TL
=17384/10505,XT-SP-10167,XT,SP,10167,AA3,XT-00020-101-02,unset,unset,NT
=17384/10510,XT-SP-10168,XT,SP,10168,AA3,XT-00020-101-02,unset,unset,TL
=17384/10515,XT-SP-10172,XT,SP,10172,AA3,XT-00020-101-03,unset,unset,EP
=17384/10520,XT-SP-10173,XT,SP,10173,AA3,XT-00020-101-03,unset,unset,EP
=17384/10525,XT-SP-10174,XT,SP,10174,AA3,XT-00020-101-04,unset,unset,EP
=17384/10530,XT-SP-10175,XT,SP,10175,AA3,XT-00020-101-04,unset,unset,EP
=17384/10535,XT-SP-10176,XT,SP,10176,AA3,XT-00020-101-05,unset,unset,TL
=17384/10540,XT-SP-10177,XT,SP,10177,AA3,XT-00020-101-05,unset,unset,TL
=17384/10545,XT-SP-10274,XT,SP,10274,AA3,XT-00020-102-01,unset,unset,TL
=17384/10550,XT-SP-10275,XT,SP,10275,AA3,XT-00020-102-01,unset,unset,TL
=17384/10555,XT-SP-10276,XT,SP,10276,AA3,XT-00020-102-02,unset,unset,TL
=17384/10560,XT-SP-10277,XT,SP,10277,AA3,XT-00020-102-02,unset,unset,TL
=17384/10565,XT-SP-10280,XT,SP,10280,AA3,XT-00020-102-03,unset,unset,TL
=17384/10570,XT-SP-10281,XT,SP,10281,AA3,XT-00020-102-03,unset,unset,TL
=17384/10575,XT-SP-10282,XT,SP,10282,AA3,XT-00020-102-05,unset,unset,TL
=17384/10580,XT-SP-10283,XT,SP,10283,AA3,XT-00020-102-05,unset,unset,TL
=17384/10585,XT-SP-10312,XT,SP,10312,AA3,XT-00020-103-01,unset,unset,NT
=17384/10590,XT-SP-10313,XT,SP,10313,AA3,XT-00020-103-01,unset,unset,NT
=17384/10595,XT-SP-20119,XT,SP,20119,AA3,XT-00020-201-01,unset,unset,NT
=17384/10600,XT-SP-20159,XT,SP,20159,AA3,XT-00020-201-01,unset,unset,NT
=17384/10605,XT-SP-20202,XT,SP,20202,AA3,XT-00020-202-04,unset,unset,NT
=17384/10610,XT-SP-20217,XT,SP,20217,AA3,XT-00020-202-04,unset,unset,NT
=17384/10615,XT-SP-30111,XT,SP,30111,AA3,XT-00020-301-02,unset,unset,TL
=17384/10620,XT-SP-30119,XT,SP,30119,AA3,XT-00020-301-02,unset,unset,TL
=17384/10625,XT-SP-30121,XT,SP,30121,AA3,XT-00020-301-03,unset,unset,TL
=17384/10630,XT-SP-30122,XT,SP,30122,AA3,XT-00020-301-03,unset,unset,TL
=17384/10635,XT-SP-30171,XT,SP,30171,AA3,XT-00020-301-04,unset,unset,NT
=17384/10640,XT-SP-30172,XT,SP,30172,AA3,XT-00020-301-04,unset,unset,TL
=17384/10645,XT-SP-30187,XT,SP,30187,AA3,XT-00020-301-04,unset,unset,TL
=17384/10650,XT-SP-30190,XT,SP,30190,AA3,XT-00020-301-04,unset,unset,NT
=17384/10655,XT-SP-30191,XT,SP,30191,AA3,XT-00020-301-04,unset,unset,NT
=17384/10660,XT-SP-30192,XT,SP,30192,AA3,XT-00020-301-06,unset,unset,TL
=17384/10665,XT-SP-30193,XT,SP,30193,AA3,XT-00020-301-06,unset,unset,TL
=17384/10670,XT-SP-30194,XT,SP,30194,AA3,XT-00020-301-04,unset,unset,NT
=17384/10675,XT-SP-30201,XT,SP,30201,AA3,XT-00020-302-01,unset,unset,NT
=17384/10680,XT-SP-30207,XT,SP,30207,AA3,XT-00020-302-01,unset,unset,NT
=17384/10685,XT-SP-30223,XT,SP,30223,AA3,XT-00020-302-01,unset,unset,NT
=17384/10690,XT-SP-30224,XT,SP,30224,AA3,XT-00020-302-01,unset,unset,NT
=17384/10695,XT-SP-30234,XT,SP,30234,AA3,XT-00020-302-01,unset,unset,NT
=17384/10700,XT-SP-30235,XT,SP,30235,AA3,XT-00020-302-01,unset,unset,NT
=17384/10705,XT-SP-30267,XT,SP,30267,AA3,XT-00020-302-03,unset,unset,TL
=17384/10710,XT-SP-30268,XT,SP,30268,AA3,XT-00020-302-03,unset,unset,TL
=17384/10715,XT-SP-40112,XT,SP,40112,AA3,XT-00020-401-01,unset,unset,TL
=17384/10720,XT-SP-40191,XT,SP,40191,AA3,XT-00020-401-02,unset,unset,TL
=17384/10725,XT-SP-40192,XT,SP,40192,AA3,XT-00020-401-02,unset,unset,TL
=17384/10730,XT-SP-40193,XT,SP,40193,AA3,XT-00020-401-03,unset,unset,TL
=17384/10735,XT-SP-40194,XT,SP,40194,AA3,XT-00020-401-03,unset,unset,TL
=17384/10740,XT-SP-40195,XT,SP,40195,AA3,XT-00020-401-03,unset,unset,TL
=17384/10745,XT-SP-40196,XT,SP,40196,AA3,XT-00020-401-03,unset,unset,TL
=17384/10750,XT-SP-40197,XT,SP,40197,AA3,XT-00020-401-03,unset,unset,TL
=17384/10755,XT-SP-40198,XT,SP,40198,AA3,XT-00020-401-03,unset,unset,TL
=17384/10760,XT-SP-40199,XT,SP,40199,AA3,XT-00020-401-04,unset,unset,TL
=17384/10765,XT-SP-40266,XT,SP,40266,AA3,XT-00020-402-01,unset,unset,HC
=17384/10770,XT-SP-40267,XT,SP,40267,AA3,XT-00020-402-01,unset,unset,NT
=17384/10775,XT-SP-40268,XT,SP,40268,AA3,XT-00020-402-02,unset,unset,NT
=17384/10780,XT-SP-40269,XT,SP,40269,AA3,XT-00020-402-02,unset,unset,HC
=17384/10785,XT-SP-40270,XT,SP,40270,AA3,XT-00020-402-03,unset,unset,NT
=17384/10790,XT-SP-40271,XT,SP,40271,AA3,XT-00020-402-03,unset,unset,NT
=17384/10795,XT-TW-00501,XT,TW,00501,AJA,XT-00030-005-01,unset,unset,unset
=17384/10800,XT-TW-01006,XT,TW,01006,AJA,XT-00020-010-01,unset,unset,NT
=17384/10805,XT-TW-02002,XT,TW,02002,AJA,XT-00020-020-01,unset,unset,NT
=17384/10810,XT-TW-10165,XT,TW,10165,AJA,XT-00020-101-06,unset,unset,NT
=17384/10815,XT-TW-20128,XT,TW,20128,AJA,XT-00020-201-03,unset,unset,NT
=17384/10820,XT-TW-20213,XT,TW,20213,AJA,XT-00020-202-01,unset,unset,NT
=17384/10825,XT-TW-20267,XT,TW,20267,AA3D,XT-00020-202-02,unset,unset,NT
=17384/10830,XT-TW-20276,XT,TW,20276,AJA,XT-00020-202-03,unset,unset,NT
=17384/10835,XT-TW-20281,XT,TW,20281,AJA,XT-00020-202-03,unset,unset,NT
=17384/10840,XT-TW-20285,XT,TW,20285,AJA,XT-00020-202-04,unset,unset,NT
=17384/10845,XT-TW-30291,XT,TW,30291,AJA,XT-00020-302-04,unset,unset,NT
=17384/10850,XT-TW-40128,XT,TW,40128,AJA,XT-00020-401-03,unset,unset,NT
=17384/10855,XT-TW-40129,XT,TW,40129,AJA,XT-00020-401-03,unset,unset,NT
=17384/10860,XT-TW-40141,XT,TW,40141,AJA,XT-00020-401-03,unset,unset,NT
=17384/10865,XT-TW-40142,XT,TW,40142,AJA,XT-00020-401-03,unset,unset,NT
=17384/10870,XT-TW-40154,XT,TW,40154,AJA,XT-00020-401-03,unset,unset,NT
=17384/10875,XT-TW-40155,XT,TW,40155,AJA,XT-00020-401-03,unset,unset,NT
=17384/10880,XT-TW-40167,XT,TW,40167,AJA,XT-00020-401-04,unset,unset,NT
=17384/10885,XT-TW-40168,XT,TW,40168,AJA,XT-00020-401-04,unset,unset,NT
=17384/10890,XT-TW-40213,XT,TW,40213,AJA,XT-00020-402-01,unset,unset,NT
=17384/10895,XT-TW-40229,XT,TW,40229,AJA,XT-00020-402-02,unset,unset,NT
=17384/10900,XT-TWR-30263,XT,TWR,30263,AA3D,XT-00020-302-04,unset,unset,NT
=17384/10905,XT-TWS-30264,XT,TWS,30264,AA3D,XT-00020-302-04,unset,unset,NT
=17384/10910,XT-WW-03006,XT,WW,03006,AA3D,XT-00020-030-01,unset,unset,NT
=17384/10915,XT-WW-03007,XT,WW,03007,AA3D,XT-00020-030-01,unset,unset,NT
=17384/10920,XT-WW-03008,XT,WW,03008,AA3D,XT-00020-030-01,unset,unset,NT
=17384/10925,XT-WW-10118,XT,WW,10118,PT16,XT-00020-101-06,unset,unset,HC
=17384/10930,XT-WW-10120,XT,WW,10120,PT16,XT-00020-101-03,unset,unset,HC
=17384/10935,XT-WW-10121,XT,WW,10121,PT16,XT-00020-101-03,unset,unset,HC
=17384/10940,XT-WW-10130,XT,WW,10130,PT16,XT-00020-101-04,unset,unset,HC
=17384/10945,XT-WW-10131,XT,WW,10131,PT16,XT-00020-101-04,unset,unset,HC
=17384/10950,XT-WW-10140,XT,WW,10140,PT16,XT-00020-101-05,unset,unset,HC
=17384/10955,XT-WW-10141,XT,WW,10141,PT16,XT-00020-101-05,unset,unset,HC
=17384/10960,XT-WW-10149,XT,WW,10149,PT16,XT-00020-101-05,unset,unset,HC
=17384/10965,XT-WW-10152,XT,WW,10152,PT16,XT-00020-101-06,unset,unset,EP
=17384/10970,XT-WW-10153,XT,WW,10153,PT16,XT-00020-101-06,unset,unset,EP
=17384/10975,XT-WW-10244,XT,WW,10244,AKA,XT-00020-102-05,unset,unset,TL
=17384/10980,XT-WW-10255,XT,WW,10255,AKA,XT-00020-102-05,unset,unset,NT
=17384/10985,XT-WW-10284,XT,WW,10284,AKA,XT-00020-102-05,unset,unset,NT
=17384/10990,XT-WW-10309,XT,WW,10309,PT16,XT-00020-103-01,unset,unset,HC
=17384/10995,XT-WW-10310,XT,WW,10310,PT16,XT-00020-103-01,unset,unset,HC
=17384/11000,XT-WW-20136,XT,WW,20136,AKA,XT-00020-201-03,unset,unset,TL
=17384/11005,XT-WW-20137,XT,WW,20137,AKA,XT-00020-201-03,unset,unset,TL
=17384/11010,XT-WW-20138,XT,WW,20138,AKA,XT-00020-201-03,unset,unset,TL
=17384/11015,XT-WW-20246,XT,WW,20246,AA3,XT-00020-202-01,unset,unset,TL
=17384/11020,XT-WW-20247,XT,WW,20247,AA3,XT-00020-202-01,unset,unset,TL
=17384/11025,XT-WW-20248,XT,WW,20248,AA3,XT-00020-202-01,unset,unset,TL
=17384/11030,XT-WW-20257,XT,WW,20257,AJA,XT-00020-202-04,unset,unset,NT
=17384/11035,XT-WW-20262,XT,WW,20262,AJA,XT-00020-202-04,unset,unset,NT
=17384/11040,XT-WW-20265,XT,WW,20265,AA3,XT-00020-202-02,unset,unset,NT
=17384/11045,XT-WW-20268,XT,WW,20268,AA3,XT-00020-202-02,unset,unset,TL
=17384/11050,XT-WW-20270,XT,WW,20270,AA3,XT-00020-202-02,unset,unset,TL
=17384/11055,XT-WW-20277,XT,WW,20277,AA3D,XT-00020-202-03,unset,unset,NT
=17384/11060,XT-WW-20282,XT,WW,20282,AA3,XT-00020-202-03,unset,unset,TL
=17384/11065,XT-WW-20283,XT,WW,20283,AA3,XT-00020-202-03,unset,unset,TL
=17384/11070,XT-WW-30175,XT,WW,30175,AKA,XT-00020-301-06,unset,unset,NT
=17384/11075,XT-WW-30251,XT,WW,30251,AKA,XT-00020-302-03,unset,unset,NT
=17384/11080,XT-WW-30265,XT,WW,30265,AJA,XT-00020-302-04,unset,unset,NT
=17384/11085,XT-WW-30269,XT,WW,30269,AA3,XT-00020-302-04,unset,unset,NT
=17384/11090,XT-WW-40241,XT,WW,40241,AKA,XT-00020-402-03,unset,unset,NT
=17384/11095,XT-WW-40246,XT,WW,40246,AKA,XT-00020-402-03,unset,unset,NT
=17384/11100,XT-WW-40251,XT,WW,40251,AA3,XT-00020-402-01,unset,unset,TL
=17384/11105,XT-WW-40252,XT,WW,40252,AA3,XT-00020-402-01,unset,unset,TL
=17384/11110,XT-WW-40253,XT,WW,40253,AA3,XT-00020-402-02,unset,unset,TL
=17384/11115,XT-WW-40254,XT,WW,40254,AA3,XT-00020-402-02,unset,unset,TL
=17384/11738,XT-WW-40272,XT,WW,40272,AKA,XT-00020-402-03,unset,unset,NT
=17384/37480,VO-SP-00902,VO,SP,00902,AA3,VO-00020-009-1,unset,unset,NT
=17384/37490,VO-P-01219,VO,P,01219,DA5W,VO-00020-012-1,unset,unset,TE
=17384/37526,VO-SP-01406,VO,SP,01406,AA3,VO-00020-014-1,unset,unset,NT
=17384/37536,VO-AW-01406,VO,AW,01406,AA3,VO-00020-014-1,unset,unset,NT
=17384/37546,VO-AW-02503,VO,AW,02503,AA3,VO-00020-025-1,unset,unset,NT
=17384/37556,VO-SP-02502,VO,SP,02502,AA3,VO-00020-025-1,unset,unset,NT
=17384/37566,VO-SP-02706,VO,SP,02706,AA3,VO-00020-027-1,unset,unset,NT
=17384/37576,VO-AW-02702,VO,AW,02702,AA3,VO-00020-027-1,unset,unset,NT
=17384/37586,VO-SP-03010,VO,SP,03010,AA3,VO-00020-030-1,unset,unset,NT
=17384/37596,VO-AW-03002,VO,AW,03002,AA3,VO-00020-030-1,unset,unset,NT
=17384/37734,VO-SP-00401,VO,SP,00401,AA3,VO-00020-004-1,unset,unset,NT
=17384/37744,VO-WO-00401,VO,WO,00401,AA3,VO-00020-004-1,unset,unset,NT
=17384/37754,VO-SP-00606,VO,SP,00606,AA3,VO-00020-006-1,unset,unset,NT
=17384/43137,VO-PA-10001,VO,PA,10001,AA3D,VO-00030-100-1,unset,unset,NT
=17384/44552,VO-CW-00903,VO,CW,00903,BA3D,VO-00020-009-1,unset,unset,NT
=17384/44557,VO-CW-00904,VO,CW,00904,BA3D,VO-00020-009-1,unset,unset,NT
=17384/45566,VO-P-01522,VO,P,01522,AA5WH,VO-00020-015-1,unset,unset,TL
=17384/46090,VO-SP-00607,VO,SP,00607,AA3,VO-00020-006-1,unset,unset,NT
=17384/46128,VO-IL-03308,VO,IL,03308,DJA,VO-00020-033-1,unset,unset,NT
=17384/46172,VO-SP-03201,VO,SP,03201,AA3,VO-00020-032-1,unset,unset,NT
=17384/46192,VO-SP-03202,VO,SP,03202,AA3,VO-00020-032-1,unset,unset,NT
=17384/50019,VO-LC-01101,VO,LC,01101,DA3,VO-00020-011-1,unset,unset,NT
=17384/50039,VO-LC-01104,VO,LC,01104,DA3,VO-00020-011-1,unset,unset,NT
=25576/81,VO-AD-01001,VO,AD,01001,AA6M,VO-00020-010-1,unset,unset,NT
=25576/1804,VO-P-03017,VO,P,03017,AA5,VO-00020-030-1,unset,unset,NT
=25576/1854,VO-P-01523,VO,P,01523,AA5WH,VO-00020-015-1,unset,unset,TL
=33768/3,VO-P-01112,VO,P,01112,DA3,VO-00020-011-1,unset,unset,NT
=33768/29,VO-P-01113,VO,P,01113,DA3,VO-00020-011-1,unset,unset,NT
=33768/49,VO-LC-01103,VO,LC,01103,AA3,VO-00020-011-1,unset,unset,NT
=33768/71,VO-LC-01102,VO,LC,01102,AA3,VO-00020-011-1,unset,unset,PP
=33768/849,VO-P-03111,VO,P,03111,AA3,VO-00020-031-1,unset,unset,NT
